film_id,title,directors,actor_count,screenwriters,production_companies,genres,award_count,nomination_count,role_count,intro_chars,wikitext_chars,source_url
Q65234882,再見了，唇,鹽田明彥,5,鹽田明彥,Match Point,音乐,1,0,0,158,7193,https://zh.wikipedia.org/wiki/%E5%86%8D%E8%A6%8B%E4%BA%86%EF%BC%8C%E5%94%87
Q48764045,托马斯大电影之世界探险记,大衛·史托頓 David Stoten,0,安德魯·布倫納,美泰兒創製,喜剧|动画,0,0,0,214,5223,https://zh.wikipedia.org/wiki/%E6%89%98%E9%A9%AC%E6%96%AF%E5%A4%A7%E7%94%B5%E5%BD%B1%E4%B9%8B%E4%B8%96%E7%95%8C%E6%8E%A2%E9%99%A9%E8%AE%B0
WP:9457481,我們的故事2,梁智强,4,梁智强,J Team Productions,,0,0,4,136,1854,https://zh.wikipedia.org/wiki/%E6%88%91%E5%80%91%E7%9A%84%E6%95%85%E4%BA%8B2
WP:9583695,私刑母親,李芝勝,0,李芝勝|金賢宇,,,0,1,0,109,2448,https://zh.wikipedia.org/wiki/%E7%A7%81%E5%88%91%E6%AF%8D%E8%A6%AA
Q115773472,2024年Netflix原創電影列表,,0,,,,0,0,0,101,24945,https://zh.wikipedia.org/wiki/2024%E5%B9%B4Netflix%E5%8E%9F%E5%89%B5%E9%9B%BB%E5%BD%B1%E5%88%97%E8%A1%A8
Q118119104,12怪盜,何國敏,1,張麗思,,动作|犯罪,0,0,0,83,5362,https://zh.wikipedia.org/wiki/12%E6%80%AA%E7%9B%9C
Q109345157,749局,陆川,6,陆川,华谊兄弟电影有限公司|腾讯影业文化传播有限公司,动作|冒险,0,0,0,160,5548,https://zh.wikipedia.org/wiki/749%E5%B1%80
Q123823141,從今以後,楊曜愷,12,楊曜愷,,剧情,0,0,11,260,10161,https://zh.wikipedia.org/wiki/%E5%BE%9E%E4%BB%8A%E4%BB%A5%E5%BE%8C
Q118387582,借借妳人生,,2,米凱拉·漢密爾頓（Michaela Hamilton）,,剧情,0,0,0,289,7193,https://zh.wikipedia.org/wiki/%E5%80%9F%E5%80%9F%E5%A6%B3%E4%BA%BA%E7%94%9F
Q120758628,噬血芭蕾,麥特·貝提內里-歐平,5,斯蒂芬·希尔兹（Stephen Shields）|}},X计划娱乐（Project X Entertainment）|维森影业（Vinson Films）|狂野大西洋影业（Wild Atlantic Pictures）|}},恐怖|惊悚,0,0,5,233,16560,https://zh.wikipedia.org/wiki/%E5%99%AC%E8%A1%80%E8%8A%AD%E8%95%BE
Q115859045,致命AI,克里斯·魏茲,5,克里斯·魏茲,哥倫比亞影業|布倫屋製片公司,科幻|恐怖,0,0,5,234,15728,https://zh.wikipedia.org/wiki/%E8%87%B4%E5%91%BDAI
Q123354197,超煩特工,王崇霖,4,游智傑,,动作|喜剧,0,0,0,251,7902,https://zh.wikipedia.org/wiki/%E8%B6%85%E7%85%A9%E7%89%B9%E5%B7%A5
Q124262351,我仍在此,華特·薩勒斯,3,穆里洛·豪瑟（Murilo Hauser）|赫克托·洛雷加（Heitor Lorega）|}},Arte France Cinéma,剧情,8,6,3,536,23837,https://zh.wikipedia.org/wiki/%E6%88%91%E4%BB%8D%E5%9C%A8%E6%AD%A4
Q115932544,異形：羅穆路斯,費德·阿瓦雷茲,7,費德·阿瓦雷茲|}},,动作|科幻|恐怖|惊悚|灾难,0,0,7,318,14016,https://zh.wikipedia.org/wiki/%E7%95%B0%E5%BD%A2%EF%BC%9A%E7%BE%85%E7%A9%86%E8%B7%AF%E6%96%AF
Q125422662,你是我眼中的那道光,帕亚尔·卡帕迪亚,2,帕亚尔·卡帕迪亚,Arte France Cinéma,剧情,1,0,0,233,13674,https://zh.wikipedia.org/wiki/%E4%BD%A0%E6%98%AF%E6%88%91%E7%9C%BC%E4%B8%AD%E7%9A%84%E9%82%A3%E9%81%93%E5%85%89
Q123354222,亚马逊活命水,,2,,,动作|喜剧,0,0,0,141,9735,https://zh.wikipedia.org/wiki/%E4%BA%9A%E9%A9%AC%E9%80%8A%E6%B4%BB%E5%91%BD%E6%B0%B4
Q131375186,得寵先生,李志偉|何英毅,4,李志偉|何英毅,,剧情,0,0,0,116,3561,https://zh.wikipedia.org/wiki/%E5%BE%97%E5%AF%B5%E5%85%88%E7%94%9F
Q125188483,狂蟒之災 (2024年電影),项秋良|项河生,5,项秋良|项河生,项氏兄弟电影,惊悚|冒险,0,0,0,110,2748,https://zh.wikipedia.org/wiki/%E7%8B%82%E8%9F%92%E4%B9%8B%E7%81%BD_(2024%E5%B9%B4%E9%9B%BB%E5%BD%B1)
Q123185887,阿诺拉,西恩·貝克,5,肖恩·贝克,Cre Film|}},剧情|喜剧,9,0,4,240,19607,https://zh.wikipedia.org/wiki/%E9%98%BF%E8%AF%BA%E6%8B%89
Q123582987,狂人法則,阿里·阿巴西,4,,Profile Pictures|Kinematics,剧情|传记,0,0,4,199,14090,https://zh.wikipedia.org/wiki/%E7%8B%82%E4%BA%BA%E6%B3%95%E5%89%87
Q107460063,機密特務：阿蓋爾,馬修·范恩,15,傑森·福克斯,蘋果製片室,动作|喜剧,0,0,15,306,14594,https://zh.wikipedia.org/wiki/%E6%A9%9F%E5%AF%86%E7%89%B9%E5%8B%99%EF%BC%9A%E9%98%BF%E8%93%8B%E7%88%BE
Q124098393,浴血劫案,賈斯汀·魯特（）,2,柯瑞·托德·休斯（）|阿德里安·斯佩克特（）|}},磨石娛樂集團,动作|惊悚,0,0,2,161,9148,https://zh.wikipedia.org/wiki/%E6%B5%B4%E8%A1%80%E5%8A%AB%E6%A1%88
Q110938009,極限長征,,6,麥可·布藍特,Entertainment One,冒险,0,0,6,294,11659,https://zh.wikipedia.org/wiki/%E6%A5%B5%E9%99%90%E9%95%B7%E5%BE%81
Q124570438,第二十条,张艺谋,5,李萌,光线影业|最高人民检察院影视中心|儒意影视|中国电影股份有限公司,剧情|喜剧,6,0,0,162,5865,https://zh.wikipedia.org/wiki/%E7%AC%AC%E4%BA%8C%E5%8D%81%E6%9D%A1
Q115474889,異星戰境,布萊德·派頓,4,里歐·薩達里安（Leo Sardarian）|}},安全屋影業|ASAP娛樂|}},动作|科幻|惊悚,0,0,0,144,6752,https://zh.wikipedia.org/wiki/%E7%95%B0%E6%98%9F%E6%88%B0%E5%A2%83
Q123861757,小心肝儿,,4,哈琳娜·雷金,A24,惊悚,0,0,4,191,29861,https://zh.wikipedia.org/wiki/%E5%B0%8F%E5%BF%83%E8%82%9D%E5%84%BF
Q31271357,絕地戰警：生死與共,阿迪爾·艾爾·阿比、畢拉爾·法拉,16,威爾·比爾,哥倫比亞影業|唐·辛普森／傑瑞·布洛克海默影業,动作|喜剧,0,0,16,339,12431,https://zh.wikipedia.org/wiki/%E7%B5%95%E5%9C%B0%E6%88%B0%E8%AD%A6%EF%BC%9A%E7%94%9F%E6%AD%BB%E8%88%87%E5%85%B1
Q118067937,救世雙雄,,4,阿迪亞·巴蘇（）|阿里·阿巴斯·薩法爾|}},AAZ電影（）|}},动作|科幻|惊悚,0,0,4,448,16895,https://zh.wikipedia.org/wiki/%E6%95%91%E4%B8%96%E9%9B%99%E9%9B%84
Q123469290,乌有之地,许明行,5,金宝通|郭在民,,动作,0,0,0,137,9514,https://zh.wikipedia.org/wiki/%E4%B9%8C%E6%9C%89%E4%B9%8B%E5%9C%B0
Q118329914,BanG Dream! It's MyGO!!!!!,,0,,,动画|音乐,0,0,0,433,68972,https://zh.wikipedia.org/wiki/BanG_Dream!_It%27s_MyGO!!!!!
Q130397318,爆款好人,宁浩|徐磊,3,王昂|刘晓丹,坏猴子影业|如日方升影视文化,喜剧,0,0,0,161,2705,https://zh.wikipedia.org/wiki/%E7%88%86%E6%AC%BE%E5%A5%BD%E4%BA%BA
Q126942881,我才不要和你做朋友呢 (电影),何念,3,,,喜剧,0,0,0,107,4868,https://zh.wikipedia.org/wiki/%E6%88%91%E6%89%8D%E4%B8%8D%E8%A6%81%E5%92%8C%E4%BD%A0%E5%81%9A%E6%9C%8B%E5%8F%8B%E5%91%A2_(%E7%94%B5%E5%BD%B1)
Q128738602,當愛被遺忘時,李英國,3,李英國,,剧情,0,0,0,112,5808,https://zh.wikipedia.org/wiki/%E7%95%B6%E6%84%9B%E8%A2%AB%E9%81%BA%E5%BF%98%E6%99%82
Q115766625,蜂刑者,大衛·艾亞,4,寇特·威默,米高梅|米拉麥克斯影業,动作|惊悚|犯罪,0,0,0,257,11582,https://zh.wikipedia.org/wiki/%E8%9C%82%E5%88%91%E8%80%85
Q112865900,陰間大法師 Beetlejuice,提姆·波頓,8,}},B計劃娛樂,喜剧|恐怖|奇幻,0,0,8,218,18285,https://zh.wikipedia.org/wiki/%E9%99%B0%E9%96%93%E5%A4%A7%E6%B3%95%E5%B8%AB_Beetlejuice
Q136599519,漂亮朋友 (2024年電影),耿軍,5,耿軍,,剧情,4,0,4,97,2768,https://zh.wikipedia.org/wiki/%E6%BC%82%E4%BA%AE%E6%9C%8B%E5%8F%8B_(2024%E5%B9%B4%E9%9B%BB%E5%BD%B1)
Q123597250,史上最棒的聖誕劇,,2,萊恩·史旺森（）|普拉特·克拉克（）|達林·麥丹尼爾|}},流明納斯製片室（）|傳媒資本技術（）|弗萊切特娛樂（）|}},,0,0,2,356,8372,https://zh.wikipedia.org/wiki/%E5%8F%B2%E4%B8%8A%E6%9C%80%E6%A3%92%E7%9A%84%E8%81%96%E8%AA%95%E5%8A%87
Q106261265,更好的人,麥可·格雷希,3,奧利佛·科爾（Oliver Cole）|麥可·格雷西（Michael Gracey）|}},Sina Studios|Facing East Entertainment|Rocket Science|Lost Bandits|Footloose Productions|}},传记|音乐,0,0,1,310,23409,https://zh.wikipedia.org/wiki/%E6%9B%B4%E5%A5%BD%E7%9A%84%E4%BA%BA
Q113650759,比佛利山超級警探：艾索·福里,,8,威爾·比爾,派拉蒙影業|唐·辛普森與傑瑞·布洛克海默影業,动作|喜剧|犯罪,0,0,6,463,11707,https://zh.wikipedia.org/wiki/%E6%AF%94%E4%BD%9B%E5%88%A9%E5%B1%B1%E8%B6%85%E7%B4%9A%E8%AD%A6%E6%8E%A2%EF%BC%9A%E8%89%BE%E7%B4%A2%C2%B7%E7%A6%8F%E9%87%8C
Q131708466,小小的我 (电影),杨荔钠,7,游晓颖,,剧情|家庭,2,0,7,193,4369,https://zh.wikipedia.org/wiki/%E5%B0%8F%E5%B0%8F%E7%9A%84%E6%88%91_(%E7%94%B5%E5%BD%B1)
Q126074918,狗陣,管虎,2,葛瑞|管虎|吳兵,華誼兄弟电影有限公司|北京博納影業集團有限公司,剧情,0,0,0,111,6988,https://zh.wikipedia.org/wiki/%E7%8B%97%E9%99%A3
Q112341432,音樂傳奇卜馬利：人生愛與夢,,3,,,剧情|传记|音乐|历史,0,0,0,307,3535,https://zh.wikipedia.org/wiki/%E9%9F%B3%E6%A8%82%E5%82%B3%E5%A5%87%E5%8D%9C%E9%A6%AC%E5%88%A9%EF%BC%9A%E4%BA%BA%E7%94%9F%E6%84%9B%E8%88%87%E5%A4%A2
Q111946850,波哥大：最后的机会之地,金成济,3,黃成九,,,0,0,0,195,17245,https://zh.wikipedia.org/wiki/%E6%B3%A2%E5%93%A5%E5%A4%A7%EF%BC%9A%E6%9C%80%E5%90%8E%E7%9A%84%E6%9C%BA%E4%BC%9A%E4%B9%8B%E5%9C%B0
Q125411917,我的阳光,奥山大史,3,奥山大史,《我的阳光》制作委员会|如影随行影业|}},剧情|爱情|体育,0,0,0,279,5309,https://zh.wikipedia.org/wiki/%E6%88%91%E7%9A%84%E9%98%B3%E5%85%89
Q124650330,熊出没·逆转时空,林汇达,0,徐芸|万秦|蒋琳,华强方特,喜剧|科幻|动画|冒险,0,0,0,203,3373,https://zh.wikipedia.org/wiki/%E7%86%8A%E5%87%BA%E6%B2%A1%C2%B7%E9%80%86%E8%BD%AC%E6%97%B6%E7%A9%BA
Q106329715,邊緣禁地 (電影),艾利·羅斯,12,艾利·羅斯|}},2K,动作|喜剧|科幻,0,0,11,263,13681,https://zh.wikipedia.org/wiki/%E9%82%8A%E7%B7%A3%E7%A6%81%E5%9C%B0_(%E9%9B%BB%E5%BD%B1)
Q128153011,捆绑上天堂,霍昕,2,,,爱情,0,0,0,169,9696,https://zh.wikipedia.org/wiki/%E6%8D%86%E7%BB%91%E4%B8%8A%E5%A4%A9%E5%A0%82
Q126942901,胜券在握 (电影),刘循子墨,4,张本煜,,剧情,0,0,0,116,3499,https://zh.wikipedia.org/wiki/%E8%83%9C%E5%88%B8%E5%9C%A8%E6%8F%A1_(%E7%94%B5%E5%BD%B1)
Q128559322,還錢,王鼎霖,13,王卉竺|溫郁芳,華能國際娛樂股份有限公司|華文創股份有限公司|樂到家國際娛樂股份有限公司|}},动作|喜剧|犯罪,0,0,14,250,7928,https://zh.wikipedia.org/wiki/%E9%82%84%E9%8C%A2
Q120001910,叛諜檔案,雷尼·哈林,4,漢娜·韋格（）|馬特·約翰遜（）,不拘一格影業（）,动作|惊悚,0,0,4,298,6626,https://zh.wikipedia.org/wiki/%E5%8F%9B%E8%AB%9C%E6%AA%94%E6%A1%88
Q101112656,粗野派,布拉迪·科貝特,9,布拉迪·科貝特|}},卡普蘭·莫里森（）|}},剧情,12,2,9,373,14383,https://zh.wikipedia.org/wiki/%E7%B2%97%E9%87%8E%E6%B4%BE
Q115917655,随身危機,贊美·哥勒-施拉,7,托德·菲克斯曼（T.J. Fixman）,安培林娱乐,动作|惊悚,0,0,7,167,9179,https://zh.wikipedia.org/wiki/%E9%9A%8F%E8%BA%AB%E5%8D%B1%E6%A9%9F
Q115707860,要命劫案,艾夫斯,4,迪波·奧塞尼（）|}},融合娛樂集團（）|高地電影集團（）|透明傳媒（）|}},动作|惊悚,0,0,4,251,8313,https://zh.wikipedia.org/wiki/%E8%A6%81%E5%91%BD%E5%8A%AB%E6%A1%88
Q127697922,焚城,潘耀明,2,麥天樞,,灾难,1,2,0,103,31482,https://zh.wikipedia.org/wiki/%E7%84%9A%E5%9F%8E
Q111458251,挑戰者 (2024年電影),盧卡·格達戈尼諾,2,,米高梅,剧情|爱情|体育,0,0,0,190,58789,https://zh.wikipedia.org/wiki/%E6%8C%91%E6%88%B0%E8%80%85_(2024%E5%B9%B4%E9%9B%BB%E5%BD%B1)
Q124485988,童心列車,克里斯蒂娜·科门奇尼,5,富里奥·安德烈奥蒂|朱莉娅·卡伦达|克里斯蒂娜·科门奇尼|卡米耶·迪盖|}},Palomar,剧情,0,0,5,170,8755,https://zh.wikipedia.org/wiki/%E7%AB%A5%E5%BF%83%E5%88%97%E8%BB%8A
WP:9380493,唐人街恰恰,贾图隆·摩乔克,4,,Vela Entertainment,喜剧|动作|冒险,0,0,4,148,2932,https://zh.wikipedia.org/wiki/%E5%94%90%E4%BA%BA%E8%A1%97%E6%81%B0%E6%81%B0
Q115778970,市民德熙,朴榮珠,7,朴榮珠,,剧情|喜剧|犯罪,0,0,0,122,16932,https://zh.wikipedia.org/wiki/%E5%B8%82%E6%B0%91%E5%BE%B7%E7%86%99
Q115727176,城市猎人 (2024年电影),,9,三嶋龍朗,Horipro,动作|剧情|喜剧,1,0,7,151,4172,https://zh.wikipedia.org/wiki/%E5%9F%8E%E5%B8%82%E7%8C%8E%E4%BA%BA_(2024%E5%B9%B4%E7%94%B5%E5%BD%B1)
Q111538862,帝國浩劫：美國內戰,亞力克斯·嘉蘭,7,亞力克斯·嘉蘭,}},惊悚|战争,0,0,7,210,14507,https://zh.wikipedia.org/wiki/%E5%B8%9D%E5%9C%8B%E6%B5%A9%E5%8A%AB%EF%BC%9A%E7%BE%8E%E5%9C%8B%E5%85%A7%E6%88%B0
Q118175825,巴布狄倫：搖滾詩人,詹姆斯·曼高德,8,詹姆斯·曼高德|}},探照灯影业|Moviefone|Deadline Hollywood,剧情|传记|音乐|历史,1,0,8,334,25005,https://zh.wikipedia.org/wiki/%E5%B7%B4%E5%B8%83%E7%8B%84%E5%80%AB%EF%BC%9A%E6%90%96%E6%BB%BE%E8%A9%A9%E4%BA%BA
Q116701124,教宗選戰,爱德华·贝尔格,5,,房子製片公司（）|}},惊悚|悬疑,8,0,5,394,13680,https://zh.wikipedia.org/wiki/%E6%95%99%E5%AE%97%E9%81%B8%E6%88%B0
Q123330656,談判專家 (2024年電影),邱禮濤,8,邱禮濤,浙江横店影业有限公司|國家電影局,剧情|犯罪,0,0,4,234,16297,https://zh.wikipedia.org/wiki/%E8%AB%87%E5%88%A4%E5%B0%88%E5%AE%B6_(2024%E5%B9%B4%E9%9B%BB%E5%BD%B1)
Q108749226,危机航线,彭顺,4,陈迅,寰宇电影|天津猫眼|映艺娱乐有限公司,动作|犯罪,0,0,0,207,17202,https://zh.wikipedia.org/wiki/%E5%8D%B1%E6%9C%BA%E8%88%AA%E7%BA%BF
Q113300899,龍族戰神：重生,鲁伯特·桑德斯,4,威廉·施奈德（）|}},哈塞爾自由製片公司（）|電影子公司（）|普雷斯曼電影（）|阿什蘭山媒體財經（）|媒體資本技術（）|}},动作|惊悚|奇幻,0,0,4,168,9748,https://zh.wikipedia.org/wiki/%E9%BE%8D%E6%97%8F%E6%88%B0%E7%A5%9E%EF%BC%9A%E9%87%8D%E7%94%9F
Q124683089,反貪風暴之加密危機,吳家偉,11,黃浩華,東方影業出品有限公司|香港01,动作|犯罪,0,0,9,253,5955,https://zh.wikipedia.org/wiki/%E5%8F%8D%E8%B2%AA%E9%A2%A8%E6%9A%B4%E4%B9%8B%E5%8A%A0%E5%AF%86%E5%8D%B1%E6%A9%9F
Q111548226,海關戰線,邱禮濤,5,李敏|李昇,,动作|剧情,0,0,0,141,8216,https://zh.wikipedia.org/wiki/%E6%B5%B7%E9%97%9C%E6%88%B0%E7%B7%9A
Q124319816,达荷美 (电影),,0,玛蒂·迪欧普,Fanta Sy| Les Films du Bal}},纪录,2,0,0,216,11298,https://zh.wikipedia.org/wiki/%E8%BE%BE%E8%8D%B7%E7%BE%8E_(%E7%94%B5%E5%BD%B1)
Q112811482,少女鬥惡龍,,6,,PMCA Productions|}},奇幻|冒险,0,0,0,155,9466,https://zh.wikipedia.org/wiki/%E5%B0%91%E5%A5%B3%E9%AC%A5%E6%83%A1%E9%BE%8D
Q124633025,亡名之徒,河准元,3,河准元,,犯罪,0,0,0,117,10563,https://zh.wikipedia.org/wiki/%E4%BA%A1%E5%90%8D%E4%B9%8B%E5%BE%92
Q125458044,鬼才之道,徐漢強,41,徐漢強|蔡坤霖,,动作|剧情|喜剧|恐怖|惊悚,8,0,41,111,22898,https://zh.wikipedia.org/wiki/%E9%AC%BC%E6%89%8D%E4%B9%8B%E9%81%93
Q102180106,死侍與金鋼狼,薛恩·李維,11,雷特·瑞斯|保羅·韋尼克,漫威影業,动作|喜剧|科幻|冒险,0,0,5,575,59925,https://zh.wikipedia.org/wiki/%E6%AD%BB%E4%BE%8D%E8%88%87%E9%87%91%E9%8B%BC%E7%8B%BC
Q126942909,解密 (电影),陈思诚,2,,,悬疑,1,0,0,106,10262,https://zh.wikipedia.org/wiki/%E8%A7%A3%E5%AF%86_(%E7%94%B5%E5%BD%B1)
Q113373276,神偷奶爸4,,9,,照明娛樂,喜剧|动画|冒险,0,0,0,286,8056,https://zh.wikipedia.org/wiki/%E7%A5%9E%E5%81%B7%E5%A5%B6%E7%88%B84
Q123354194,三天 (2024年電影),玄文燮,3,,,剧情|恐怖|悬疑,0,0,0,107,5947,https://zh.wikipedia.org/wiki/%E4%B8%89%E5%A4%A9_(2024%E5%B9%B4%E9%9B%BB%E5%BD%B1)
Q117272474,不同的男人,,4,亚伦·施密伯格,A24,剧情|喜剧|惊悚,0,0,4,303,25886,https://zh.wikipedia.org/wiki/%E4%B8%8D%E5%90%8C%E7%9A%84%E7%94%B7%E4%BA%BA
Q116881172,天使營救,馬丁·坎貝爾,6,,,动作|惊悚,0,0,4,216,6307,https://zh.wikipedia.org/wiki/%E5%A4%A9%E4%BD%BF%E7%87%9F%E6%95%91
Q124499929,日日好狗日,金德敏,7,,,喜剧,0,0,0,230,14596,https://zh.wikipedia.org/wiki/%E6%97%A5%E6%97%A5%E5%A5%BD%E7%8B%97%E6%97%A5
Q126942916,阳光俱乐部,魏书钧,4,魏书钧|翟义祥,,剧情|喜剧,0,0,0,155,5177,https://zh.wikipedia.org/wiki/%E9%98%B3%E5%85%89%E4%BF%B1%E4%B9%90%E9%83%A8
Q136691861,無間毒票,王筱剛|爾東,15,李鹤楠,金影时代（北京）新媒体技术有限公司|华翰传媒（深圳）集团有限公司|中国电影科学技术研究所|青岛春山影业有限公司,,0,0,14,84,2518,https://zh.wikipedia.org/wiki/%E7%84%A1%E9%96%93%E6%AF%92%E7%A5%A8
Q129759798,性梦爱三部曲：梦,达格·约翰·豪格鲁德,1,达格·约翰·豪格鲁德,Motlys AS|Novemberfilm|}},剧情,1,0,0,273,10299,https://zh.wikipedia.org/wiki/%E6%80%A7%E6%A2%A6%E7%88%B1%E4%B8%89%E9%83%A8%E6%9B%B2%EF%BC%9A%E6%A2%A6
Q109228991,沙丘：第二部,丹尼·維勒納夫,13,喬·斯派茨|艾瑞克·羅斯,傳奇影業,科幻|冒险,5,3,1,392,25865,https://zh.wikipedia.org/wiki/%E6%B2%99%E4%B8%98%EF%BC%9A%E7%AC%AC%E4%BA%8C%E9%83%A8
Q123855936,弟弟 (電影),王湘聖,1,王湘聖,Maiden Voyage Pictures,剧情|喜剧,1,0,1,217,7959,https://zh.wikipedia.org/wiki/%E5%BC%9F%E5%BC%9F_(%E9%9B%BB%E5%BD%B1)
Q123472177,伊甸 (2024年电影),朗·侯活,6,,Imagine Entertainment,惊悚,0,0,6,199,11293,https://zh.wikipedia.org/wiki/%E4%BC%8A%E7%94%B8_(2024%E5%B9%B4%E7%94%B5%E5%BD%B1)
Q130396871,餘燼 (電影),鍾孟宏,20,鍾孟宏|朱嘉漢,,剧情|恐怖|犯罪,0,0,20,152,8566,https://zh.wikipedia.org/wiki/%E9%A4%98%E7%87%BC_(%E9%9B%BB%E5%BD%B1)
Q123928072,璀璨女人夢,賈克·歐迪亞,4,賈克·歐迪亞,法国电视二台|圣罗兰,喜剧|犯罪|音乐,14,0,4,190,19250,https://zh.wikipedia.org/wiki/%E7%92%80%E7%92%A8%E5%A5%B3%E4%BA%BA%E5%A4%A2
Q112054990,艾曼紐2024,奥黛丽·迪万,6,蕾貝卡·斯洛托維斯基,Goodfellas,,0,0,6,213,8199,https://zh.wikipedia.org/wiki/%E8%89%BE%E6%9B%BC%E7%B4%902024
Q123354205,逃脱 (电影),,3,,,动作|剧情,0,0,0,117,18232,https://zh.wikipedia.org/wiki/%E9%80%83%E8%84%B1_(%E7%94%B5%E5%BD%B1)
Q126942870,从21世纪安全撤离,李阳,4,李阳,,喜剧|科幻,0,0,0,147,8599,https://zh.wikipedia.org/wiki/%E4%BB%8E21%E4%B8%96%E7%BA%AA%E5%AE%89%E5%85%A8%E6%92%A4%E7%A6%BB
Q119680224,老手2,柳承完,2,柳承完|李元宰,,动作|犯罪,0,0,0,237,16593,https://zh.wikipedia.org/wiki/%E8%80%81%E6%89%8B2
Q117322466,破墓,,4,張在現,,恐怖|惊悚,3,0,0,252,27090,https://zh.wikipedia.org/wiki/%E7%A0%B4%E5%A2%93
Q73792046,驱魔 (2024年电影),,5,喬舒亞·約翰·米勒|}},米拉麥克斯影業,恐怖,0,0,0,186,5961,https://zh.wikipedia.org/wiki/%E9%A9%B1%E9%AD%94_(2024%E5%B9%B4%E7%94%B5%E5%BD%B1)
Q113671585,特技玩家,大衛·雷奇,9,德魯·皮爾斯,87North製片公司,动作|喜剧|惊悚,0,0,7,222,16034,https://zh.wikipedia.org/wiki/%E7%89%B9%E6%8A%80%E7%8E%A9%E5%AE%B6
Q138015702,木送,韓潔瑤,0,,,纪录,0,0,0,295,11803,https://zh.wikipedia.org/wiki/%E6%9C%A8%E9%80%81
Q116599963,非常家務事,,5,凱莉·所羅門（Carrie Solomon）,,喜剧|爱情,0,0,0,176,9616,https://zh.wikipedia.org/wiki/%E9%9D%9E%E5%B8%B8%E5%AE%B6%E5%8B%99%E4%BA%8B
Q125422899,風流一代,賈樟柯,3,賈樟柯|萬佳歡,北京歡十喜文化有限公司|福建泉州市無限自在文化傳媒有限公司|陌陌影業,剧情,0,0,3,159,8744,https://zh.wikipedia.org/wiki/%E9%A2%A8%E6%B5%81%E4%B8%80%E4%BB%A3
Q114889877,凌雲戰士,悉達·阿南德,3,拉蒙·奇伯,馬夫利克斯影業（）|}},动作|战争,0,0,3,555,26877,https://zh.wikipedia.org/wiki/%E5%87%8C%E9%9B%B2%E6%88%B0%E5%A3%AB
Q117842576,天魔：惡之初,,3,提姆·史密斯（）|阿卡夏·史蒂文森|}},幻四影業（）,恐怖,0,0,3,268,8819,https://zh.wikipedia.org/wiki/%E5%A4%A9%E9%AD%94%EF%BC%9A%E6%83%A1%E4%B9%8B%E5%88%9D
Q115057826,飛月情海,葛瑞格·貝蘭提,7,蘿絲·吉洛伊（）,蘋果製片室,剧情|喜剧|爱情,0,0,7,363,10066,https://zh.wikipedia.org/wiki/%E9%A3%9B%E6%9C%88%E6%83%85%E6%B5%B7
Q136691862,动物园里有什么？,安小满,11,,,喜剧,0,0,11,136,2291,https://zh.wikipedia.org/wiki/%E5%8A%A8%E7%89%A9%E5%9B%AD%E9%87%8C%E6%9C%89%E4%BB%80%E4%B9%88%EF%BC%9F
Q125943204,她死了,金世辉,3,金世辉,,惊悚|悬疑,0,0,0,111,13342,https://zh.wikipedia.org/wiki/%E5%A5%B9%E6%AD%BB%E4%BA%86
Q109412657,維和防暴隊,李達超,5,吴孟璋|李晖|嘉莉安,,动作|剧情,0,0,0,150,4924,https://zh.wikipedia.org/wiki/%E7%B6%AD%E5%92%8C%E9%98%B2%E6%9A%B4%E9%9A%8A
Q124365154,弗里达 (2024年电影),卡拉·古铁雷斯,1,卡拉·古铁雷斯,,纪录,0,0,0,177,10913,https://zh.wikipedia.org/wiki/%E5%BC%97%E9%87%8C%E8%BE%BE_(2024%E5%B9%B4%E7%94%B5%E5%BD%B1)
Q120143635,爱你们的希尔德,安卓·爵森,1,Laila Stieler,德法公共电视台,剧情|传记,0,0,0,234,2566,https://zh.wikipedia.org/wiki/%E7%88%B1%E4%BD%A0%E4%BB%AC%E7%9A%84%E5%B8%8C%E5%B0%94%E5%BE%B7
Q100361125,芙莉歐莎：瘋狂麥斯傳奇篇章,喬治·米勒,7,迷霧追魂手,,动作|科幻|惊悚|冒险,0,0,7,451,22534,https://zh.wikipedia.org/wiki/%E8%8A%99%E8%8E%89%E6%AD%90%E8%8E%8E%EF%BC%9A%E7%98%8B%E7%8B%82%E9%BA%A5%E6%96%AF%E5%82%B3%E5%A5%87%E7%AF%87%E7%AB%A0
Q102351060,風都偵探,椛島洋介,0,,,科幻|动画,0,0,0,185,17024,https://zh.wikipedia.org/wiki/%E9%A2%A8%E9%83%BD%E5%81%B5%E6%8E%A2
Q113547547,加菲貓：農場大冒險,,8,保羅·A·卡普蘭|馬克·托戈夫|}},哥倫比亞影業|愛爾康娛樂|DNEG Animation|天下一集團|Wayfarer Studios|第六攝影棚電影,喜剧|动画,0,0,0,292,9761,https://zh.wikipedia.org/wiki/%E5%8A%A0%E8%8F%B2%E8%B2%93%EF%BC%9A%E8%BE%B2%E5%A0%B4%E5%A4%A7%E5%86%92%E9%9A%AA
Q131411541,角頭—大橋頭,姜瑞智,18,劉蕊瑄,巧克麗娛樂股份有限公司,犯罪,1,0,0,289,4828,https://zh.wikipedia.org/wiki/%E8%A7%92%E9%A0%AD%E2%80%94%E5%A4%A7%E6%A9%8B%E9%A0%AD
Q113300586,捉鬼敢死隊：冰封魅來,吉爾·基能,14,傑森·瑞特曼|吉爾·基能|}},哥倫比亞影業|}},喜剧|奇幻,0,0,12,242,14918,https://zh.wikipedia.org/wiki/%E6%8D%89%E9%AC%BC%E6%95%A2%E6%AD%BB%E9%9A%8A%EF%BC%9A%E5%86%B0%E5%B0%81%E9%AD%85%E4%BE%86
Q125422231,拿针的女孩,,1,马格努斯·冯·霍恩|莉恩·兰格贝克（Line Langebek）|}},北欧影业丹麦（Nordisk Film Denmark）|北欧影业瑞典（Nordisk Film Sweden）|熔岩影业（Lava Films）|EC1 Łódź|下西里西亚电影中心（Lower Silesia Film Centre）|}},剧情|恐怖|惊悚|家庭,0,0,0,341,21685,https://zh.wikipedia.org/wiki/%E6%8B%BF%E9%92%88%E7%9A%84%E5%A5%B3%E5%AD%A9
Q115789958,神鬼戰士II,雷利·史考特,5,}},P + M Image Nation}},动作|剧情|冒险|历史,0,0,1,281,7239,https://zh.wikipedia.org/wiki/%E7%A5%9E%E9%AC%BC%E6%88%B0%E5%A3%ABII
Q24905214,玻璃工人 (電影),烏斯曼·里亞茲,2,烏斯曼·里亞茲（Usman Riaz）|莫亞·奧謝（Moya O’Shea）,[https://manoanimationstudios.com/ Mano Animation Studios],动画,0,0,0,178,8970,https://zh.wikipedia.org/wiki/%E7%8E%BB%E7%92%83%E5%B7%A5%E4%BA%BA_(%E9%9B%BB%E5%BD%B1)
Q113360912,哥吉拉與金剛：新帝國,亞當·溫高德,5,傑瑞米·史列特,傳奇影業,动作|科幻|奇幻,0,0,5,520,25465,https://zh.wikipedia.org/wiki/%E5%93%A5%E5%90%89%E6%8B%89%E8%88%87%E9%87%91%E5%89%9B%EF%BC%9A%E6%96%B0%E5%B8%9D%E5%9C%8B
Q122921080,GOAT：最強特務,,5,文卡特·普拉布|埃日拉拉蘇·古納塞卡蘭（）|K·錢德魯（）|}}|{{Infobox | decat = yes | child = yes,,动作|科幻|惊悚,0,0,5,665,15628,https://zh.wikipedia.org/wiki/GOAT%EF%BC%9A%E6%9C%80%E5%BC%B7%E7%89%B9%E5%8B%99
Q114352426,逃出搶錢鎮,波西·彭西羅利（）,8,麥可·武凱丁諾維奇（）,聚光燈（）|博伊斯席勒娛樂公司（）|藏身處影業（）|}},喜剧|犯罪,0,0,8,266,10707,https://zh.wikipedia.org/wiki/%E9%80%83%E5%87%BA%E6%90%B6%E9%8C%A2%E9%8E%AE
Q117743008,孤狼救援,,3,,120dB電影（）|艾克梅火箭燃料（）|魔城製片室（）|}},动作|惊悚,0,0,3,138,6141,https://zh.wikipedia.org/wiki/%E5%AD%A4%E7%8B%BC%E6%95%91%E6%8F%B4
Q126199462,找死凶宅,南东协,5,,,喜剧,0,0,0,126,8618,https://zh.wikipedia.org/wiki/%E6%89%BE%E6%AD%BB%E5%87%B6%E5%AE%85
Q131300512,好东西,邵艺辉,4,邵艺辉,上海电影（集团）有限公司|上海淘票票影视文化有限公司|中国电影股份有限公司|长影集团有限责任公司,剧情,4,0,0,130,4143,https://zh.wikipedia.org/wiki/%E5%A5%BD%E4%B8%9C%E8%A5%BF
Q127510067,哈爾濱 (韓國電影),禹民鎬,6,金景灿|禹民鎬|李基哲,,动作|剧情|传记|历史,2,0,0,239,20875,https://zh.wikipedia.org/wiki/%E5%93%88%E7%88%BE%E6%BF%B1_(%E9%9F%93%E5%9C%8B%E9%9B%BB%E5%BD%B1)
Q131290723,听说 (韩国电影),赵善浩,3,,,剧情|爱情,0,0,0,167,9937,https://zh.wikipedia.org/wiki/%E5%90%AC%E8%AF%B4_(%E9%9F%A9%E5%9B%BD%E7%94%B5%E5%BD%B1)
Q126942918,刺猬 (电影),顾长卫,2,,,剧情|喜剧,0,0,0,126,6382,https://zh.wikipedia.org/wiki/%E5%88%BA%E7%8C%AC_(%E7%94%B5%E5%BD%B1)
Q118384193,地獄怪客：歪曲人的詛咒,布萊恩·泰勒,1,麥克·米格諾拉,}},恐怖|奇幻,0,0,0,188,6327,https://zh.wikipedia.org/wiki/%E5%9C%B0%E7%8D%84%E6%80%AA%E5%AE%A2%EF%BC%9A%E6%AD%AA%E6%9B%B2%E4%BA%BA%E7%9A%84%E8%A9%9B%E5%92%92
Q138874633,詭屋 (小說),石川淳一,13,丑尾健太郎,,恐怖|悬疑,0,0,8,128,13634,https://zh.wikipedia.org/wiki/%E8%A9%AD%E5%B1%8B_(%E5%B0%8F%E8%AA%AA)
Q112054756,此心安处,羅拔·湛米基斯,7,艾瑞克·羅斯,米拉麥克斯影業,剧情,0,0,6,256,11044,https://zh.wikipedia.org/wiki/%E6%AD%A4%E5%BF%83%E5%AE%89%E5%A4%84
Q122933268,異教詭屋,{{le|史考特·貝克和布萊恩·伍茲|Scott Beck and Bryan Woods|史考特·貝克|布萊恩·伍茲}},4,史考特·貝克|布萊恩·伍茲|}},貝克與伍茲（）|閃亮便士（）|}},恐怖|惊悚,0,0,4,193,9737,https://zh.wikipedia.org/wiki/%E7%95%B0%E6%95%99%E8%A9%AD%E5%B1%8B
Q123354204,隱藏的面孔 (電影),,3,,,惊悚|悬疑,0,0,0,208,11014,https://zh.wikipedia.org/wiki/%E9%9A%B1%E8%97%8F%E7%9A%84%E9%9D%A2%E5%AD%94_(%E9%9B%BB%E5%BD%B1)
Q115396783,臥底的退隱生活,高子彬,5,,本地製作|天下一電影製作,喜剧,0,0,0,72,7892,https://zh.wikipedia.org/wiki/%E8%87%A5%E5%BA%95%E7%9A%84%E9%80%80%E9%9A%B1%E7%94%9F%E6%B4%BB
Q123354220,劫机 (电影),金圣翰,4,金景灿,,动作|剧情|犯罪|灾难,0,0,0,174,12514,https://zh.wikipedia.org/wiki/%E5%8A%AB%E6%9C%BA_(%E7%94%B5%E5%BD%B1)
Q124670101,地平線：美國傳奇 第一部,凯文·科斯特纳,9,凯文·科斯特纳|Jon Baird|}},新線影業,战争|西部,0,0,0,223,8598,https://zh.wikipedia.org/wiki/%E5%9C%B0%E5%B9%B3%E7%B7%9A%EF%BC%9A%E7%BE%8E%E5%9C%8B%E5%82%B3%E5%A5%87_%E7%AC%AC%E4%B8%80%E9%83%A8
Q124670100,地平線：美國傳奇 第二部,凯文·科斯特纳,11,凯文·科斯特纳|Jon Baird|}},新線影業,战争|西部,0,0,0,139,5274,https://zh.wikipedia.org/wiki/%E5%9C%B0%E5%B9%B3%E7%B7%9A%EF%BC%9A%E7%BE%8E%E5%9C%8B%E5%82%B3%E5%A5%87_%E7%AC%AC%E4%BA%8C%E9%83%A8
Q136691873,缉恶,霍穗强,11,老马,北京爱奇艺科技有限公司|上海腾讯企鹅影视文化传播有限公司,动作|犯罪,0,0,11,124,2805,https://zh.wikipedia.org/wiki/%E7%BC%89%E6%81%B6
Q133254432,雄狮少年2,孙海鹏,3,孙海鹏|沈诚|张挺|史迈,北京百纳千成影视股份有限公司,动作|动画,0,0,0,88,7686,https://zh.wikipedia.org/wiki/%E9%9B%84%E7%8B%AE%E5%B0%91%E5%B9%B42
Q113903713,怪奇粉紅物語,,2,珍·桑恩布倫,Smudge Films|Hypnic Jerk|}},恐怖|惊悚,0,0,2,434,38994,https://zh.wikipedia.org/wiki/%E6%80%AA%E5%A5%87%E7%B2%89%E7%B4%85%E7%89%A9%E8%AA%9E
Q115010349,關於你的想法,,3,珍妮弗·韦斯特费尔特,亞馬遜米高梅工作室,喜剧|爱情|音乐|家庭,0,0,3,207,12194,https://zh.wikipedia.org/wiki/%E9%97%9C%E6%96%BC%E4%BD%A0%E7%9A%84%E6%83%B3%E6%B3%95
Q111918059,幻幻之交,約翰·卡拉辛斯基,7,約翰·卡拉辛斯基,}},喜剧|动画|奇幻,0,0,4,151,9474,https://zh.wikipedia.org/wiki/%E5%B9%BB%E5%B9%BB%E4%B9%8B%E4%BA%A4
Q119170838,異國日記,,4,,,动画,0,0,0,126,13256,https://zh.wikipedia.org/wiki/%E7%95%B0%E5%9C%8B%E6%97%A5%E8%A8%98
Q120986976,伏慄熊,傑夫·瓦德洛,1,傑夫·瓦德洛|格雷格·厄布（）|傑森·奧倫蘭（）|}},布倫屋製片公司,恐怖|惊悚,0,0,1,325,12166,https://zh.wikipedia.org/wiki/%E4%BC%8F%E6%85%84%E7%86%8A
Q116980365,鬼聖胎,,2,安德魯·洛貝爾（）,五五十電影（）|中童影業（）|}},恐怖,0,0,2,272,14929,https://zh.wikipedia.org/wiki/%E9%AC%BC%E8%81%96%E8%83%8E
Q129497832,她殺之心,,1,}},,剧情|犯罪|历史,0,0,0,258,6758,https://zh.wikipedia.org/wiki/%E5%A5%B9%E6%AE%BA%E4%B9%8B%E5%BF%83
Q113877606,腦筋急轉彎2,凱爾西·曼恩,7,梅格·蕾法芙,華特迪士尼影業|皮克斯動畫工作室,动画,0,0,0,538,27790,https://zh.wikipedia.org/wiki/%E8%85%A6%E7%AD%8B%E6%80%A5%E8%BD%89%E5%BD%8E2
Q117279005,鬧事之徒,道格·李曼,11,凱西·艾佛列克,蘋果製片室,喜剧|惊悚|犯罪,0,0,11,240,10261,https://zh.wikipedia.org/wiki/%E9%AC%A7%E4%BA%8B%E4%B9%8B%E5%BE%92
Q118641054,爱情，到此为止,賈斯汀·巴爾多尼,5,,哥倫比亞影業|Wayfarer Studios,爱情|家庭,0,0,5,229,26565,https://zh.wikipedia.org/wiki/%E7%88%B1%E6%83%85%EF%BC%8C%E5%88%B0%E6%AD%A4%E4%B8%BA%E6%AD%A2
Q117312560,頭獎危機！,保羅·費格,6,羅布·耶斯康比（）,費格可娛樂（）|}},动作|喜剧,0,0,6,191,6452,https://zh.wikipedia.org/wiki/%E9%A0%AD%E7%8D%8E%E5%8D%B1%E6%A9%9F%EF%BC%81
Q136691765,金钱堡垒,彭发,4,刘斯可,,剧情|悬疑,0,0,0,97,2290,https://zh.wikipedia.org/wiki/%E9%87%91%E9%92%B1%E5%A0%A1%E5%9E%92
Q136691745,极限奇援,雪村,3,雪村|俞晴,,喜剧|冒险,0,0,0,100,3105,https://zh.wikipedia.org/wiki/%E6%9E%81%E9%99%90%E5%A5%87%E6%8F%B4
Q108628759,小丑：雙重瘋狂,陶德·菲利普斯,10,陶德·菲利普斯|}},華納兄弟|威秀電影|DC工作室,剧情|惊悚|犯罪,0,0,10,487,23699,https://zh.wikipedia.org/wiki/%E5%B0%8F%E4%B8%91%EF%BC%9A%E9%9B%99%E9%87%8D%E7%98%8B%E7%8B%82
Q122871547,一個奇蹟的誕生,班·泰勒（Ben Taylor）,3,傑克·索恩,百代電影,剧情|传记,0,0,0,199,9882,https://zh.wikipedia.org/wiki/%E4%B8%80%E5%80%8B%E5%A5%87%E8%B9%9F%E7%9A%84%E8%AA%95%E7%94%9F
Q119549900,二号陪审员,克林·伊斯威特,7,乔纳森·艾布拉姆斯（Jonathan Abrams）,Dichotomy Films|}},惊悚,0,0,7,206,11425,https://zh.wikipedia.org/wiki/%E4%BA%8C%E5%8F%B7%E9%99%AA%E5%AE%A1%E5%91%98
Q130309828,殺機瀰漫2,,3,詹姆斯·阿格紐（）,目的地影業,动作|惊悚,0,0,3,224,5780,https://zh.wikipedia.org/wiki/%E6%AE%BA%E6%A9%9F%E7%80%B0%E6%BC%AB2
Q121091587,殺手遊戲 (電影),J·J·佩里,12,詹姆斯·科因（）|}},瘋狂機會製片公司（）|耐力傳媒（）|}},动作|喜剧,0,0,12,261,20726,https://zh.wikipedia.org/wiki/%E6%AE%BA%E6%89%8B%E9%81%8A%E6%88%B2_(%E9%9B%BB%E5%BD%B1)
Q127257393,喋血雙雄 (2024年電影),吴宇森,7,布萊恩·海格蘭,環球影業|亚特拉斯娱乐,动作|惊悚,0,0,7,309,11301,https://zh.wikipedia.org/wiki/%E5%96%8B%E8%A1%80%E9%9B%99%E9%9B%84_(2024%E5%B9%B4%E9%9B%BB%E5%BD%B1)
Q114345051,憐憫的種類,尤格·藍西莫,7,尤格·藍西莫|}},}},,0,0,7,191,8944,https://zh.wikipedia.org/wiki/%E6%86%90%E6%86%AB%E7%9A%84%E7%A8%AE%E9%A1%9E
Q114314695,猩球崛起：王國誕生,威斯·柏,6,,Oddball Entertainment|Jason T. Reed Productions|}},动作|科幻,0,0,3,226,13832,https://zh.wikipedia.org/wiki/%E7%8C%A9%E7%90%83%E5%B4%9B%E8%B5%B7%EF%BC%9A%E7%8E%8B%E5%9C%8B%E8%AA%95%E7%94%9F
Q107390449,獵人克萊文 (電影),J·C·錢德爾,7,李察·威克|阿特·馬庫姆、馬特·霍洛威,哥倫比亞影業|漫威娛樂,,0,0,1,420,30238,https://zh.wikipedia.org/wiki/%E7%8D%B5%E4%BA%BA%E5%85%8B%E8%90%8A%E6%96%87_(%E9%9B%BB%E5%BD%B1)
Q114707487,功夫熊貓4,,8,PR Newswire,夢工廠動畫,动作|喜剧|动画|奇幻|冒险,0,0,0,201,9906,https://zh.wikipedia.org/wiki/%E5%8A%9F%E5%A4%AB%E7%86%8A%E8%B2%934
Q125294821,姥姥的外孙,帕特·波尼蒂帕特（พัฒน์ บุญนิธิพัฒน์）,5,汤萨蓬·逖提拿坎（ทศพล ทิพย์ทินกร）|帕特·波尼蒂帕特,,剧情|家庭,0,0,3,308,14618,https://zh.wikipedia.org/wiki/%E5%A7%A5%E5%A7%A5%E7%9A%84%E5%A4%96%E5%AD%99
Q126686436,来福大酒店,刘博文,4,姚冠辰|刘博文,,剧情,0,0,0,116,4700,https://zh.wikipedia.org/wiki/%E6%9D%A5%E7%A6%8F%E5%A4%A7%E9%85%92%E5%BA%97
Q131911062,來自汪星的你,陸可,5,,,剧情,0,0,0,84,2972,https://zh.wikipedia.org/wiki/%E4%BE%86%E8%87%AA%E6%B1%AA%E6%98%9F%E7%9A%84%E4%BD%A0
Q109256895,来都来了,刘奋斗,3,,,喜剧,0,0,0,34,1978,https://zh.wikipedia.org/wiki/%E6%9D%A5%E9%83%BD%E6%9D%A5%E4%BA%86
Q123354202,幸福的國家,秋昌民,3,,,剧情|历史,0,0,0,117,13412,https://zh.wikipedia.org/wiki/%E5%B9%B8%E7%A6%8F%E7%9A%84%E5%9C%8B%E5%AE%B6
Q117176605,天眼救援,,6,大衛·弗里傑里奧|威廉·尤班克|}},意志媒體夥伴（）|RU機器人（）|高地電影集團（）|碎開影業（）|}},动作|惊悚,0,0,6,191,8901,https://zh.wikipedia.org/wiki/%E5%A4%A9%E7%9C%BC%E6%95%91%E6%8F%B4
Q124196410,破·地獄,陳茂賢,4,鄭緯機,英皇電影|阿里影业|尚乘数科,剧情|喜剧|音乐|家庭,8,0,0,680,46765,https://zh.wikipedia.org/wiki/%E7%A0%B4%C2%B7%E5%9C%B0%E7%8D%84
Q131418573,久別重逢,梁禮彥,36,梁禮彥,,,0,0,36,249,24400,https://zh.wikipedia.org/wiki/%E4%B9%85%E5%88%A5%E9%87%8D%E9%80%A2
Q123354214,传说 (电影),唐季礼,4,唐季礼,,动作|奇幻|冒险,0,0,0,113,6661,https://zh.wikipedia.org/wiki/%E4%BC%A0%E8%AF%B4_(%E7%94%B5%E5%BD%B1)
Q123169098,查克的一生,麥可·弗拉納根,13,麥可·弗拉納根,QWGmire|Red Room Pictures|}},剧情|科幻,0,0,13,183,10928,https://zh.wikipedia.org/wiki/%E6%9F%A5%E5%85%8B%E7%9A%84%E4%B8%80%E7%94%9F
Q116431968,偷破天際線,F·加里·格雷,7,Writers Guild of America West,Hartbeat Productions|6th & Idaho Productions,动作|喜剧|惊悚|犯罪,0,0,0,168,8407,https://zh.wikipedia.org/wiki/%E5%81%B7%E7%A0%B4%E5%A4%A9%E9%9A%9B%E7%B7%9A
Q116470610,長腿,奧茲·柏金斯,5,奧茲·柏金斯,Deadline Hollywood,恐怖|惊悚,0,0,5,222,15612,https://zh.wikipedia.org/wiki/%E9%95%B7%E8%85%BF
Q121323115,大都市的爱情法,,2,,,剧情|喜剧|爱情,0,0,0,199,12381,https://zh.wikipedia.org/wiki/%E5%A4%A7%E9%83%BD%E5%B8%82%E7%9A%84%E7%88%B1%E6%83%85%E6%B3%95
Q130288104,我談的那場戀愛,何妙祺,4,何妙祺|陳慶嘉,,剧情|喜剧|爱情,0,0,0,205,6704,https://zh.wikipedia.org/wiki/%E6%88%91%E8%AB%87%E7%9A%84%E9%82%A3%E5%A0%B4%E6%88%80%E6%84%9B
Q113488690,血爱成河,,5,萝斯·格拉斯|维罗妮卡·托菲尔斯卡（Weronika Tofilska）|}},Escape Plan|Lobo Films|}},,0,0,5,238,11367,https://zh.wikipedia.org/wiki/%E8%A1%80%E7%88%B1%E6%88%90%E6%B2%B3
Q117148881,当男人恋爱时 (2024年电影),瓦苏蒂克·特皮奇,2,Methus Sirinawin,GMMTV,动作|剧情|爱情,0,0,0,244,19597,https://zh.wikipedia.org/wiki/%E5%BD%93%E7%94%B7%E4%BA%BA%E6%81%8B%E7%88%B1%E6%97%B6_(2024%E5%B9%B4%E7%94%B5%E5%BD%B1)
Q124397989,隔牆有情人,帕特莉夏·豐特（Patricia Font）,1,瑪塔·桑切斯（Marta Sánchez）,Tripictures|Second Gen Pictures|Blind Date Productions}},喜剧|爱情,0,0,0,212,8801,https://zh.wikipedia.org/wiki/%E9%9A%94%E7%89%86%E6%9C%89%E6%83%85%E4%BA%BA
Q111677117,蜘蛛夫人 (電影),,8,麥特·薩札瑪,哥倫比亞影業|漫威娛樂,动作|科幻|奇幻|冒险,0,0,1,511,20845,https://zh.wikipedia.org/wiki/%E8%9C%98%E8%9B%9B%E5%A4%AB%E4%BA%BA_(%E9%9B%BB%E5%BD%B1)
Q126595889,誰偷了垃圾桶？,尼瑟蘭·史瓦米納森,2,尼瑟蘭·史瓦米納森|{{Infobox | decat = yes | child = yes,線路（）|激情製片室（）|}},动作|惊悚|悬疑,0,0,2,598,53655,https://zh.wikipedia.org/wiki/%E8%AA%B0%E5%81%B7%E4%BA%86%E5%9E%83%E5%9C%BE%E6%A1%B6%EF%BC%9F
Q126942936,一个男人和一个女人 (2024年电影),管虎,2,王宇菁|何亮瑜,,剧情,0,0,2,122,5131,https://zh.wikipedia.org/wiki/%E4%B8%80%E4%B8%AA%E7%94%B7%E4%BA%BA%E5%92%8C%E4%B8%80%E4%B8%AA%E5%A5%B3%E4%BA%BA_(2024%E5%B9%B4%E7%94%B5%E5%BD%B1)
Q122203155,美聲歌后：瑪麗亞,帕布罗·拉拉因,5,史蒂芬·奈特,Fremantle,剧情|传记,0,0,5,222,7936,https://zh.wikipedia.org/wiki/%E7%BE%8E%E8%81%B2%E6%AD%8C%E5%90%8E%EF%BC%9A%E7%91%AA%E9%BA%97%E4%BA%9E
Q130531369,瑪利亞 (電影),D·J·克魯索,1,提摩西·麥可·海耶斯（Timothy Michael Hayes）,Ludascripts|阿洛伊娛樂|露娜影業（Luna Film Productions）|桃樹媒體合作夥伴（PeachTree Media Partners）|}},剧情|惊悚,0,0,0,242,9658,https://zh.wikipedia.org/wiki/%E7%91%AA%E5%88%A9%E4%BA%9E_(%E9%9B%BB%E5%BD%B1)
Q54893954,大師與瑪格麗特 (2024年電影),迈克尔·洛克申,4,罗曼·坎托尔,,剧情|奇幻,0,0,0,320,4044,https://zh.wikipedia.org/wiki/%E5%A4%A7%E5%B8%AB%E8%88%87%E7%91%AA%E6%A0%BC%E9%BA%97%E7%89%B9_(2024%E5%B9%B4%E9%9B%BB%E5%BD%B1)
Q116032682,玛克辛,提·威斯特,10,提·威斯特,阿卡斯工業,恐怖,0,0,9,189,11274,https://zh.wikipedia.org/wiki/%E7%8E%9B%E5%85%8B%E8%BE%9B
Q117014906,辣妹過招 (2024年電影),莎曼珊·傑恩（）|小阿圖羅·佩雷斯（）|}},5,蒂娜·費,}},喜剧|音乐,0,0,3,479,7154,https://zh.wikipedia.org/wiki/%E8%BE%A3%E5%A6%B9%E9%81%8E%E6%8B%9B_(2024%E5%B9%B4%E9%9B%BB%E5%BD%B1)
Q115175910,大都會 (2024年電影),法蘭西斯·柯波拉,13,法蘭西斯·柯波拉,,剧情|科幻,0,0,13,278,12464,https://zh.wikipedia.org/wiki/%E5%A4%A7%E9%83%BD%E6%9C%83_(2024%E5%B9%B4%E9%9B%BB%E5%BD%B1)
Q124656179,蜗牛回忆录,,6,亚当·艾略特,墨尔本国际电影节首映基金,剧情|喜剧|动画|家庭,1,0,0,380,31100,https://zh.wikipedia.org/wiki/%E8%9C%97%E7%89%9B%E5%9B%9E%E5%BF%86%E5%BD%95
Q136691870,美人鱼的夏天,沈晓阳,0,沈晓阳,,动画|奇幻,0,0,0,96,4510,https://zh.wikipedia.org/wiki/%E7%BE%8E%E4%BA%BA%E9%B1%BC%E7%9A%84%E5%A4%8F%E5%A4%A9
Q124098360,米奇的捕鼠器,傑米·貝利（）,12,,進入架構製片公司（）,喜剧|恐怖,0,0,0,292,5335,https://zh.wikipedia.org/wiki/%E7%B1%B3%E5%A5%87%E7%9A%84%E6%8D%95%E9%BC%A0%E5%99%A8
Q116027468,師情化慾,杰德·哈雷·巴特利特,4,杰德·哈雷·巴特利特,}},惊悚,0,0,4,200,7850,https://zh.wikipedia.org/wiki/%E5%B8%AB%E6%83%85%E5%8C%96%E6%85%BE
Q115860236,非紳士特攻隊,蓋·瑞奇,10,保羅·湯瑪西（）|艾瑞克·約翰遜（）|蓋·瑞奇|}},托夫蓋伊電影（）|紅海電影基金（）|C2電影集團（）|媒體資本技術（）|}},动作|战争,0,0,4,426,13646,https://zh.wikipedia.org/wiki/%E9%9D%9E%E7%B4%B3%E5%A3%AB%E7%89%B9%E6%94%BB%E9%9A%8A
Q123354206,Cross：跨界任务,李明勋,3,李明勋,,动作|喜剧,0,0,0,125,12173,https://zh.wikipedia.org/wiki/Cross%EF%BC%9A%E8%B7%A8%E7%95%8C%E4%BB%BB%E5%8A%A1
Q124457266,海洋奇緣2,The Walt Disney Company,5,傑瑞·布希,華特迪士尼動畫工作室,喜剧|动画|奇幻|冒险|音乐|家庭,0,0,0,342,27468,https://zh.wikipedia.org/wiki/%E6%B5%B7%E6%B4%8B%E5%A5%87%E7%B7%A32
Q122928724,钱不够用3：全部够用,梁智強,8,梁智强,HiJack Pictures|MM2 Entertainment|J Team Productions|Clover Films|B-01 Films,,0,0,0,114,3369,https://zh.wikipedia.org/wiki/%E9%92%B1%E4%B8%8D%E5%A4%9F%E7%94%A83%EF%BC%9A%E5%85%A8%E9%83%A8%E5%A4%9F%E7%94%A8
Q130396874,白衣蒼狗,曾威量|尹又巧,6,曾威量,小公園（Le Petit Jardin）|E&W Films|二線影業（Deuxième Ligne Films）,剧情,3,0,6,425,25146,https://zh.wikipedia.org/wiki/%E7%99%BD%E8%A1%A3%E8%92%BC%E7%8B%97
Q105952623,怒火狂猴,戴夫·帕托,2,戴夫·帕托|保羅·安古納維拉|}},環球影業,动作|惊悚,0,0,2,276,7800,https://zh.wikipedia.org/wiki/%E6%80%92%E7%81%AB%E7%8B%82%E7%8C%B4
Q123354210,盜月者,袁劍偉,4,陳健鴻,,惊悚|犯罪,0,0,0,182,6679,https://zh.wikipedia.org/wiki/%E7%9B%9C%E6%9C%88%E8%80%85
Q124367117,珍奇之物,米歇尔·阿扎纳维西于斯,2,米歇尔·阿扎纳维西于斯,映欧嘉纳,动画,0,0,2,161,8771,https://zh.wikipedia.org/wiki/%E7%8F%8D%E5%A5%87%E4%B9%8B%E7%89%A9
Q124395546,親家遇到愛,馬克·華特斯,4,,}},喜剧|爱情,0,0,0,223,8680,https://zh.wikipedia.org/wiki/%E8%A6%AA%E5%AE%B6%E9%81%87%E5%88%B0%E6%84%9B
Q112182515,母亲的直觉,,4,萨拉·康拉特（Sarah Conradt）,Anton|Versus Production|}},惊悚,0,0,4,192,8323,https://zh.wikipedia.org/wiki/%E6%AF%8D%E4%BA%B2%E7%9A%84%E7%9B%B4%E8%A7%89
Q114242678,獅子王：木法沙,貝瑞·傑金斯,6,傑夫·內桑森,華特迪士尼影業,剧情|动画|奇幻|冒险|音乐,0,0,0,228,15999,https://zh.wikipedia.org/wiki/%E7%8D%85%E5%AD%90%E7%8E%8B%EF%BC%9A%E6%9C%A8%E6%B3%95%E6%B2%99
Q136691865,變體 (電影),李麒麟,4,李麒麟,北京皓仙文化傳媒有限公司,动作|科幻|战争,0,0,0,111,2574,https://zh.wikipedia.org/wiki/%E8%AE%8A%E9%AB%94_(%E9%9B%BB%E5%BD%B1)
Q130044688,我的鬼情人,,2,,,剧情|喜剧|爱情|惊悚,0,0,0,84,4670,https://zh.wikipedia.org/wiki/%E6%88%91%E7%9A%84%E9%AC%BC%E6%83%85%E4%BA%BA
Q125619068,再见，爷爷,沈炯俊|托马斯·高（）,0,,爱宝乐园,动画|纪录,0,0,0,74,8574,https://zh.wikipedia.org/wiki/%E5%86%8D%E8%A7%81%EF%BC%8C%E7%88%B7%E7%88%B7
Q120487741,我的间谍2：永恒之城,彼得·西格尔,5,彼得·西格尔,胜图娱乐|卡拉汉电影公司,动作|喜剧,0,0,5,203,6010,https://zh.wikipedia.org/wiki/%E6%88%91%E7%9A%84%E9%97%B4%E8%B0%8D2%EF%BC%9A%E6%B0%B8%E6%81%92%E4%B9%8B%E5%9F%8E
Q116700659,路基完,金熙珍,2,,,剧情|爱情,0,0,0,172,10115,https://zh.wikipedia.org/wiki/%E8%B7%AF%E5%9F%BA%E5%AE%8C
Q124619782,绝不放手,亞歷山大·阿甲,1,凯文·考夫林（Kevin Coughlin）|莱恩·格拉斯比（Ryan Grassby）|}},HalleHolly|}},恐怖|惊悚,0,0,1,152,9406,https://zh.wikipedia.org/wiki/%E7%BB%9D%E4%B8%8D%E6%94%BE%E6%89%8B
Q126942941,逆行人生,徐峥,1,,,剧情,0,0,0,67,5646,https://zh.wikipedia.org/wiki/%E9%80%86%E8%A1%8C%E4%BA%BA%E7%94%9F
Q116030637,五分钱男孩,,4,拉梅尔·罗斯|}},猎户座影业|B计划娱乐,剧情|历史,1,0,4,393,50536,https://zh.wikipedia.org/wiki/%E4%BA%94%E5%88%86%E9%92%B1%E7%94%B7%E5%AD%A9
Q132398945,小倩 (2024年電影),毛启超,0,,,动画,0,0,0,86,1701,https://zh.wikipedia.org/wiki/%E5%B0%8F%E5%80%A9_(2024%E5%B9%B4%E9%9B%BB%E5%BD%B1)
Q117842595,暗泳,布萊斯·麥奎爾（）,3,布萊斯·麥奎爾,原子怪獸影業|布倫屋製片公司,恐怖|惊悚,0,0,3,261,8825,https://zh.wikipedia.org/wiki/%E6%9A%97%E6%B3%B3
Q115475553,夜母,瑪麗艾·海勒,2,瑪麗艾·海勒,安纳布尔纳影业,喜剧|恐怖|家庭,0,0,2,207,15337,https://zh.wikipedia.org/wiki/%E5%A4%9C%E6%AF%8D
Q124440294,唯一的家园,哈姆丹·比拉勒（Hamdan Ballal）|拉谢尔·瑟尔（Rachel Szor）|}},0,巴西勒·阿德拉|哈姆丹·比拉勒|尤瓦尔·亚伯拉罕|拉谢尔·瑟尔|}},Yabayay Media|Antipode Films|}},纪录,1,0,0,149,5984,https://zh.wikipedia.org/wiki/%E5%94%AF%E4%B8%80%E7%9A%84%E5%AE%B6%E5%9B%AD
Q116361132,吸血鬼：諾斯費拉圖,羅柏·艾格斯,8,羅柏·艾格斯,}},恐怖,0,0,7,239,13982,https://zh.wikipedia.org/wiki/%E5%90%B8%E8%A1%80%E9%AC%BC%EF%BC%9A%E8%AB%BE%E6%96%AF%E8%B2%BB%E6%8B%89%E5%9C%96
Q123943308,胡桃夹子们,大卫·戈登·格林,3,利兰·道格拉斯（Leland Douglas）,溪流影业（Rivulet Films）|}},剧情|喜剧|家庭,0,0,3,104,6209,https://zh.wikipedia.org/wiki/%E8%83%A1%E6%A1%83%E5%A4%B9%E5%AD%90%E4%BB%AC
Q131611336,误杀3,甘剑宇,4,陈思诚|武皮皮|李鹏|胡小楠,,剧情|犯罪|悬疑,0,0,0,155,5386,https://zh.wikipedia.org/wiki/%E8%AF%AF%E6%9D%803
Q123354234,黑带出勤中,,2,金周焕,,动作|喜剧,0,0,0,122,6639,https://zh.wikipedia.org/wiki/%E9%BB%91%E5%B8%A6%E5%87%BA%E5%8B%A4%E4%B8%AD
Q122781655,噢，加拿大,保羅·許瑞德,5,保羅·許瑞德,Foregone Film PSC|Fit Via Vi Film Productions|Lucky 13 Productions|Ottocento Films|SIPUR|Vested Interest|}},剧情,0,0,5,224,8729,https://zh.wikipedia.org/wiki/%E5%99%A2%EF%BC%8C%E5%8A%A0%E6%8B%BF%E5%A4%A7
Q129333360,公開試當真,梁奕豪,2,,試當真,纪录,0,0,0,132,7096,https://zh.wikipedia.org/wiki/%E5%85%AC%E9%96%8B%E8%A9%A6%E7%95%B6%E7%9C%9F
Q123565704,絕命殺機,詹姆斯·努恩（）,5,詹姆斯·羅素（）,,动作|恐怖|惊悚,0,0,5,232,5355,https://zh.wikipedia.org/wiki/%E7%B5%95%E5%91%BD%E6%AE%BA%E6%A9%9F
Q128626219,复活之战,罗宁·提姆,1,นฤทธิ์ ปาเฉย|ก้องเกียรติ โขมศิริ|ภาส พัฒนกำจร|สืบพงศ์ ศรีหะไตร|}},"Kongkiat Productions Co., Ltd.",动作,0,0,0,194,4660,https://zh.wikipedia.org/wiki/%E5%A4%8D%E6%B4%BB%E4%B9%8B%E6%88%98
Q118287624,秩序 (電影),賈斯汀·克佐,5,,Riff Raff Entertainment,惊悚|犯罪,0,0,4,211,9428,https://zh.wikipedia.org/wiki/%E7%A7%A9%E5%BA%8F_(%E9%9B%BB%E5%BD%B1)
Q112124784,普通天使,,3,梅格·蒂莉,踩踏創投公司|Variety,剧情,0,0,3,293,15083,https://zh.wikipedia.org/wiki/%E6%99%AE%E9%80%9A%E5%A4%A9%E4%BD%BF
Q119455303,我的好朋友黑漆漆,西恩·查爾馬茲,2,查理·考夫曼,夢工廠動畫,喜剧|动画|奇幻|冒险|家庭,0,0,0,259,7363,https://zh.wikipedia.org/wiki/%E6%88%91%E7%9A%84%E5%A5%BD%E6%9C%8B%E5%8F%8B%E9%BB%91%E6%BC%86%E6%BC%86
Q135207630,【我推的孩子】 (真人版),,0,,,,0,0,0,235,12803,https://zh.wikipedia.org/wiki/%E3%80%90%E6%88%91%E6%8E%A8%E7%9A%84%E5%AD%A9%E5%AD%90%E3%80%91_(%E7%9C%9F%E4%BA%BA%E7%89%88)
Q124337179,我瞞的聖誕,,4,海莉·德多米尼西斯（Hailey DeDominicis）,好娛樂公司|}},喜剧|爱情,0,0,0,325,11100,https://zh.wikipedia.org/wiki/%E6%88%91%E7%9E%9E%E7%9A%84%E8%81%96%E8%AA%95
Q121076570,柏靈頓：熊熊去秘魯,,9,強·福斯特（）|}},映欧嘉纳|哥倫比亞影業|第六攝影棚電影|盛日影业,喜剧|动画|冒险|家庭,0,0,8,381,10284,https://zh.wikipedia.org/wiki/%E6%9F%8F%E9%9D%88%E9%A0%93%EF%BC%9A%E7%86%8A%E7%86%8A%E5%8E%BB%E7%A7%98%E9%AD%AF
Q131690947,熊貓計劃,张栾,4,孟易达|徐伟|张栾,,动作|喜剧,0,0,0,70,3445,https://zh.wikipedia.org/wiki/%E7%86%8A%E8%B2%93%E8%A8%88%E5%8A%83
Q131160726,爸爸 (2024年電影),翁子光|區焯文,4,翁子光,,剧情|犯罪,4,0,0,258,13825,https://zh.wikipedia.org/wiki/%E7%88%B8%E7%88%B8_(2024%E5%B9%B4%E9%9B%BB%E5%BD%B1)
Q123330555,贖夢,張家輝,13,凌偉駿,,剧情|惊悚,0,0,13,135,4190,https://zh.wikipedia.org/wiki/%E8%B4%96%E5%A4%A2
Q124326642,飞驰人生2,韩寒,16,韩寒|周运海,,喜剧,2,0,11,101,4705,https://zh.wikipedia.org/wiki/%E9%A3%9E%E9%A9%B0%E4%BA%BA%E7%94%9F2
Q112135884,仇謎小鎮追緝令,迈克尔·仔哥·霍尔,5,迈克尔·仔哥·霍尔,,惊悚,0,0,3,48,3362,https://zh.wikipedia.org/wiki/%E4%BB%87%E8%AC%8E%E5%B0%8F%E9%8E%AE%E8%BF%BD%E7%B7%9D%E4%BB%A4
Q117842630,鋼琴課 (2024年電影),馬爾科姆·華盛頓（）,6,馬爾科姆·華盛頓|}},蒙迪萊恩娛樂（）,剧情,0,0,6,322,7807,https://zh.wikipedia.org/wiki/%E9%8B%BC%E7%90%B4%E8%AA%B2_(2024%E5%B9%B4%E9%9B%BB%E5%BD%B1)
Q123354224,飞行员 (电影),,4,,,剧情|喜剧,0,0,0,213,17848,https://zh.wikipedia.org/wiki/%E9%A3%9E%E8%A1%8C%E5%91%98_(%E7%94%B5%E5%BD%B1)
Q126943018,默杀,柯汶利,3,柯汶利|王吱吱|王祎梦,,犯罪|悬疑,1,0,0,62,12265,https://zh.wikipedia.org/wiki/%E9%BB%98%E6%9D%80
Q124651039,絕命大平台2,,1,佩德羅·里維羅（Pedro Rivero）|加尔德·加兹特鲁-乌鲁蒂亚|艾戈伊茲·莫雷諾（Egoitz Moreno）|}},Basque Films,,0,0,0,125,6788,https://zh.wikipedia.org/wiki/%E7%B5%95%E5%91%BD%E5%A4%A7%E5%B9%B3%E5%8F%B02
Q126209959,意外 (韓國電影),李耀燮,9,,,动作|犯罪|悬疑,0,0,0,161,12995,https://zh.wikipedia.org/wiki/%E6%84%8F%E5%A4%96_(%E9%9F%93%E5%9C%8B%E9%9B%BB%E5%BD%B1)
Q123690382,感應 (電影),史蒂芬·索德柏,4,大衛·柯普,分機765（）|}},剧情|惊悚|悬疑|家庭,0,0,4,168,10278,https://zh.wikipedia.org/wiki/%E6%84%9F%E6%87%89_(%E9%9B%BB%E5%BD%B1)
Q130272144,誤判 (電影),甄子丹,4,黄子桓,广州猫眼影业有限公司|上海华策电影有限公司|东方影业出品有限公司|最高人民检察院影视中心,动作|剧情|犯罪,0,0,0,343,26265,https://zh.wikipedia.org/wiki/%E8%AA%A4%E5%88%A4_(%E9%9B%BB%E5%BD%B1)
Q126943012,乔妍的心事,趙德胤,3,,,剧情|悬疑,0,0,0,141,7055,https://zh.wikipedia.org/wiki/%E4%B9%94%E5%A6%8D%E7%9A%84%E5%BF%83%E4%BA%8B
Q116771681,酷儿 (电影),盧卡·格達戈尼諾,7,,The Apartment Pictures,,0,0,7,172,24715,https://zh.wikipedia.org/wiki/%E9%85%B7%E5%84%BF_(%E7%94%B5%E5%BD%B1)
Q112183404,噤界：入侵日,,4,麥可·薩諾斯基,派拉蒙影業|白金沙丘,科幻|恐怖,0,0,4,161,12689,https://zh.wikipedia.org/wiki/%E5%99%A4%E7%95%8C%EF%BC%9A%E5%85%A5%E4%BE%B5%E6%97%A5
Q123690368,真正的痛苦,傑西·艾森柏格,2,杰西·艾森伯格,Variety|The Hollywood Reporter,喜剧|家庭,18,13,2,518,43070,https://zh.wikipedia.org/wiki/%E7%9C%9F%E6%AD%A3%E7%9A%84%E7%97%9B%E8%8B%A6
Q121741971,Rebel Moon—第2部：烙印之人,查克·史奈德,13,沙伊·哈頓,}},动作|科幻|冒险,0,0,12,252,8784,https://zh.wikipedia.org/wiki/Rebel_Moon%E2%80%94%E7%AC%AC2%E9%83%A8%EF%BC%9A%E7%83%99%E5%8D%B0%E4%B9%8B%E4%BA%BA
Q96334877,逆嶺,傑瑞米·索尼耶,6,傑瑞米·索尼耶,電影科學（）|博納維爾影業（）|}},动作|惊悚|犯罪,0,0,6,255,11775,https://zh.wikipedia.org/wiki/%E9%80%86%E5%B6%BA
Q114876737,紅色一號,傑克·卡斯丹,6,克里斯·摩根,亞馬遜工作室|偵探社公司|克里斯·摩根製片公司,动作|喜剧|冒险,0,0,4,302,14727,https://zh.wikipedia.org/wiki/%E7%B4%85%E8%89%B2%E4%B8%80%E8%99%9F
Q117742969,传话人,大衛·麥肯齊,5,贾斯汀·皮亚塞茨基（Justin Piasecki）,}},惊悚,0,0,5,119,8292,https://zh.wikipedia.org/wiki/%E4%BC%A0%E8%AF%9D%E4%BA%BA
Q126921922,左輪手槍 (電影),吳勝旭,3,吳勝旭|周星,,剧情|犯罪,2,0,0,120,15415,https://zh.wikipedia.org/wiki/%E5%B7%A6%E8%BC%AA%E6%89%8B%E6%A7%8D_(%E9%9B%BB%E5%BD%B1)
Q113630174,威龍殺陣 (2024年電影),道格·李曼,12,安東尼·巴加羅齊（Anthony Bagarozzi）|}},米高梅,动作,0,0,12,278,11142,https://zh.wikipedia.org/wiki/%E5%A8%81%E9%BE%8D%E6%AE%BA%E9%99%A3_(2024%E5%B9%B4%E9%9B%BB%E5%BD%B1)
Q110269321,臨時劫案,麥啟光,19,陳偉斌|萬芫澄,,动作|喜剧|惊悚|犯罪,0,0,18,120,11087,https://zh.wikipedia.org/wiki/%E8%87%A8%E6%99%82%E5%8A%AB%E6%A1%88
Q124359261,隔壁房间,佩德罗·阿尔莫多瓦尔,4,佩德罗·阿尔莫多瓦尔,,,1,0,2,191,16590,https://zh.wikipedia.org/wiki/%E9%9A%94%E5%A3%81%E6%88%BF%E9%97%B4
Q115283311,犯罪都市4,许明行,11,吴尚浩,,动作|犯罪,0,0,11,334,19699,https://zh.wikipedia.org/wiki/%E7%8A%AF%E7%BD%AA%E9%83%BD%E5%B8%824
Q109051190,魯斯特 (電影),,6,喬爾·蘇扎,埃爾多拉多影業（）|騎兵傳媒（）|托馬斯維爾影業（）|四月製片公司（）|}},西部,0,0,6,279,22575,https://zh.wikipedia.org/wiki/%E9%AD%AF%E6%96%AF%E7%89%B9_(%E9%9B%BB%E5%BD%B1)
Q108552200,撒冷镇 (电影),蓋瑞·道柏曼,5,蓋瑞·道柏曼,华纳兄弟影业|新線影業|原子怪獸影業,恐怖,0,0,4,290,21020,https://zh.wikipedia.org/wiki/%E6%92%92%E5%86%B7%E9%95%87_(%E7%94%B5%E5%BD%B1)
Q126943004,沙海之门,吴有音,3,,,动作|战争,0,0,0,90,3418,https://zh.wikipedia.org/wiki/%E6%B2%99%E6%B5%B7%E4%B9%8B%E9%97%A8
Q118196554,珊迪大電影：拯救比奇堡,,6,}},,动作|喜剧|动画|冒险,0,0,0,248,8439,https://zh.wikipedia.org/wiki/%E7%8F%8A%E8%BF%AA%E5%A4%A7%E9%9B%BB%E5%BD%B1%EF%BC%9A%E6%8B%AF%E6%95%91%E6%AF%94%E5%A5%87%E5%A0%A1
Q124472773,第二幕,昆汀·杜皮爾,3,昆汀·杜皮爾,法国艺术影业,喜剧,0,0,3,192,7377,https://zh.wikipedia.org/wiki/%E7%AC%AC%E4%BA%8C%E5%B9%95
Q125563776,神圣无花果之种,穆罕默德·拉素羅夫,5,穆罕默德·拉素羅夫,法国艺术电影,剧情|惊悚,1,0,0,350,33161,https://zh.wikipedia.org/wiki/%E7%A5%9E%E5%9C%A3%E6%97%A0%E8%8A%B1%E6%9E%9C%E4%B9%8B%E7%A7%8D
Q127688495,九月五日 (电影),,3,蒂姆·菲尔巴姆|}},康斯坦丁影业,动作|惊悚,0,0,2,233,23614,https://zh.wikipedia.org/wiki/%E4%B9%9D%E6%9C%88%E4%BA%94%E6%97%A5_(%E7%94%B5%E5%BD%B1)
Q130191924,叛影浪客,Timo Tjahjanto,2,Timo Tjahjanto,Netflix Studios,动作|惊悚,0,0,0,352,9582,https://zh.wikipedia.org/wiki/%E5%8F%9B%E5%BD%B1%E6%B5%AA%E5%AE%A2
Q124334509,香巴拉 (电影),,4,明·巴哈杜尔·巴姆|}},Shooney Films|CDP|Ape&Bjørn|Aaru Production|ZK Film|Istanbul|一條龍虎豹|Bangdel & Shakya Production|}},剧情,0,0,0,288,10737,https://zh.wikipedia.org/wiki/%E9%A6%99%E5%B7%B4%E6%8B%89_(%E7%94%B5%E5%BD%B1)
Q112039665,厄靈鎮,,3,克里斯·斯塔克曼,紙街影業（）|}},恐怖|悬疑,0,0,3,476,23716,https://zh.wikipedia.org/wiki/%E5%8E%84%E9%9D%88%E9%8E%AE
Q125361171,警长：正义的化身,,1,Yusof Haslam,Skop Productions|Astro Shaw|}},动作|惊悚,0,0,0,217,2537,https://zh.wikipedia.org/wiki/%E8%AD%A6%E9%95%BF%EF%BC%9A%E6%AD%A3%E4%B9%89%E7%9A%84%E5%8C%96%E8%BA%AB
Q109256899,涉过愤怒的海,曹保平,6,曹保平|武皮皮|焦华静,,剧情|犯罪,0,1,0,167,10029,https://zh.wikipedia.org/wiki/%E6%B6%89%E8%BF%87%E6%84%A4%E6%80%92%E7%9A%84%E6%B5%B7
Q22126305,進擊的巨人 (動畫),,0,,,动画,4,0,0,491,121363,https://zh.wikipedia.org/wiki/%E9%80%B2%E6%93%8A%E7%9A%84%E5%B7%A8%E4%BA%BA_(%E5%8B%95%E7%95%AB)
Q123528206,雄獅歸來,羅希特·謝蒂,10,The Times of India,Jio製片室|羅希特·謝蒂影業,动作,0,0,10,392,11250,https://zh.wikipedia.org/wiki/%E9%9B%84%E7%8D%85%E6%AD%B8%E4%BE%86
Q130276120,怪奇寶貝,,2,賽斯·沃利,Morphan Time,喜剧|奇幻,0,0,2,60,2583,https://zh.wikipedia.org/wiki/%E6%80%AA%E5%A5%87%E5%AF%B6%E8%B2%9D
Q123472063,微笑2,,7,帕克·菲恩,Bad Feeling,恐怖|惊悚,0,0,7,125,9488,https://zh.wikipedia.org/wiki/%E5%BE%AE%E7%AC%912
Q115859490,音速小子3 (電影),傑夫·福勒,11,}},Original Film,动作|科幻|动画|冒险,0,0,8,323,19753,https://zh.wikipedia.org/wiki/%E9%9F%B3%E9%80%9F%E5%B0%8F%E5%AD%903_(%E9%9B%BB%E5%BD%B1)
Q107175474,太空孤航,,6,科比·戴（）,自由結社（）|}},剧情|科幻,0,0,6,303,8414,https://zh.wikipedia.org/wiki/%E5%A4%AA%E7%A9%BA%E5%AD%A4%E8%88%AA
Q119064873,邪惡勿語,詹姆斯·瓦特金斯,3,詹姆斯·瓦特金斯,布倫屋製片公司,恐怖|惊悚,0,0,3,237,10423,https://zh.wikipedia.org/wiki/%E9%82%AA%E6%83%A1%E5%8B%BF%E8%AA%9E
Q112131932,取精急轉彎,湯米·維爾柯拉,1,湯米·維爾柯拉|傑斯珀·桑德斯|維加·荷伊|}},Qvisten Animation|74 Entertainment|}},喜剧|动画|冒险,0,0,0,290,11352,https://zh.wikipedia.org/wiki/%E5%8F%96%E7%B2%BE%E6%80%A5%E8%BD%89%E5%BD%8E
Q126942999,野孩子 (电影),殷若昕,4,,,剧情,0,0,0,98,6990,https://zh.wikipedia.org/wiki/%E9%87%8E%E5%AD%A9%E5%AD%90_(%E7%94%B5%E5%BD%B1)
Q130650062,國有器官,章勇進,0,Cindy Song,RooYee Films Productionl}},犯罪|纪录,0,0,0,223,3585,https://zh.wikipedia.org/wiki/%E5%9C%8B%E6%9C%89%E5%99%A8%E5%AE%98
Q127713636,默視錄,楊修華,2,楊修華,Akanga Film Asia|Volos Films|Films de Force Majeure|Cinema Inutile,惊悚|音乐|家庭,3,0,0,107,5189,https://zh.wikipedia.org/wiki/%E9%BB%98%E8%A6%96%E9%8C%84
Q114073140,嗜殺路人甲,雷尼·哈林,3,艾倫·R·科恩（）|艾倫·弗里德蘭（）|}},狮门影视公司,恐怖|惊悚,0,0,3,277,5784,https://zh.wikipedia.org/wiki/%E5%97%9C%E6%AE%BA%E8%B7%AF%E4%BA%BA%E7%94%B2
Q125622088,喵的奇幻漂流,金茲·斯巴洛迪斯|Cannes Film Festival,0,金茲·斯巴洛迪斯|馬蒂斯·卡札 }},Dream Well Studio|Sacrebleu Productions|Take Five|}},动画|奇幻|冒险,8,0,0,435,49288,https://zh.wikipedia.org/wiki/%E5%96%B5%E7%9A%84%E5%A5%87%E5%B9%BB%E6%BC%82%E6%B5%81
Q128822029,武替道,梁冠堯|梁冠舜,10,曾憲寧|葉偉平,,动作|剧情,0,0,0,214,14414,https://zh.wikipedia.org/wiki/%E6%AD%A6%E6%9B%BF%E9%81%93
Q113380226,懼裂,柯洛里·法吉特,3,柯洛里·法吉特,沃克泰托電影公司,恐怖|惊悚,1,0,3,331,44131,https://zh.wikipedia.org/wiki/%E6%87%BC%E8%A3%82
Q126942991,抓娃娃 (电影),闫非|彭大魔,2,闫非|彭大魔|林炳宝,,剧情|喜剧,2,0,0,104,11944,https://zh.wikipedia.org/wiki/%E6%8A%93%E5%A8%83%E5%A8%83_(%E7%94%B5%E5%BD%B1)
Q108003049,飯戲攻心,陳詠燊,6,陳詠燊,,喜剧|爱情,3,0,0,342,32771,https://zh.wikipedia.org/wiki/%E9%A3%AF%E6%88%B2%E6%94%BB%E5%BF%83
Q123330658,飯戲攻心2,陳詠燊,8,陳詠燊,,喜剧,0,0,0,104,11624,https://zh.wikipedia.org/wiki/%E9%A3%AF%E6%88%B2%E6%94%BB%E5%BF%832
Q123910753,絕命塔羅牌,安娜·哈貝格（）|}},1,史賓賽·柯恩|安娜·哈貝格|}},幕寶電影公司,恐怖,0,0,1,299,10149,https://zh.wikipedia.org/wiki/%E7%B5%95%E5%91%BD%E5%A1%94%E7%BE%85%E7%89%8C
Q122879312,眼淚工匠,,3,伊萊奧諾拉·菲奧里尼|（Eleonora Fiorini）|亞歷山德羅·傑諾韋西|}},,剧情|爱情,0,0,0,247,14095,https://zh.wikipedia.org/wiki/%E7%9C%BC%E6%B7%9A%E5%B7%A5%E5%8C%A0
Q124748407,噬魂灵声2,塔提瓦·皖他（Thaweewat Wanta）,0,,Major Join Film,恐怖,0,0,0,278,4320,https://zh.wikipedia.org/wiki/%E5%99%AC%E9%AD%82%E7%81%B5%E5%A3%B02
Q119821866,劊樂小丑3,戴米恩·李昂尼,7,戴米恩·李昂尼,Filmaffinity,恐怖,0,0,7,430,9218,https://zh.wikipedia.org/wiki/%E5%8A%8A%E6%A8%82%E5%B0%8F%E4%B8%913
Q123207136,寸金不讓,帕·蘭基斯,2,帕·蘭基斯|}}|{{Infobox |decat=yes |child=yes |label1=對白 |data1=|泰米爾·普拉巴 }},尼拉姆製片公司（）|}},动作|奇幻|冒险|历史,0,0,2,535,70747,https://zh.wikipedia.org/wiki/%E5%AF%B8%E9%87%91%E4%B8%8D%E8%AE%93
Q107210110,魔戒：洛汗人之戰,神山健治,2,傑佛瑞·阿迪斯|威爾·馬修斯|菲比·吉廷斯|阿提·帕帕喬治|}},新線影業|華納兄弟動畫公司,动画|奇幻|冒险,0,0,0,214,6737,https://zh.wikipedia.org/wiki/%E9%AD%94%E6%88%92%EF%BC%9A%E6%B4%9B%E6%B1%97%E4%BA%BA%E4%B9%8B%E6%88%B0
Q123690673,老嘢時速,佐殊·麥高連（Josh Margolin）,10,佐殊·麥高連,,剧情|喜剧,0,0,6,220,4797,https://zh.wikipedia.org/wiki/%E8%80%81%E5%98%A2%E6%99%82%E9%80%9F
Q126948777,假如，我是这世上最爱你的人,,3,刘奋斗|刘天钧,,剧情|喜剧,0,0,0,82,5375,https://zh.wikipedia.org/wiki/%E5%81%87%E5%A6%82%EF%BC%8C%E6%88%91%E6%98%AF%E8%BF%99%E4%B8%96%E4%B8%8A%E6%9C%80%E7%88%B1%E4%BD%A0%E7%9A%84%E4%BA%BA
Q116638627,變形金剛初始篇,,7,安德魯·巴勒|蓋布瑞爾·法拉利|}},Entertainment One,动作|科幻|动画|奇幻|冒险,0,0,0,192,13822,https://zh.wikipedia.org/wiki/%E8%AE%8A%E5%BD%A2%E9%87%91%E5%89%9B%E5%88%9D%E5%A7%8B%E7%AF%87
Q124077893,陷阱 (2024年电影),奈特·沙马兰,4,奈特·沙马兰,,惊悚|悬疑|音乐,0,0,4,168,39515,https://zh.wikipedia.org/wiki/%E9%99%B7%E9%98%B1_(2024%E5%B9%B4%E7%94%B5%E5%BD%B1)
Q123354208,网军部队,,4,,,剧情|犯罪,0,0,0,118,9435,https://zh.wikipedia.org/wiki/%E7%BD%91%E5%86%9B%E9%83%A8%E9%98%9F
Q109984826,九龍城寨之圍城,鄭保瑞,10,歐健兒|陳大利|岑君茜,,动作|惊悚|犯罪,16,0,0,491,56772,https://zh.wikipedia.org/wiki/%E4%B9%9D%E9%BE%8D%E5%9F%8E%E5%AF%A8%E4%B9%8B%E5%9C%8D%E5%9F%8E
Q115932556,龍捲風暴 (2024年電影),鄭李爍,7,馬克·L·史密斯,環球影業|華納兄弟|安培林娛樂公司,灾难,0,0,7,245,15801,https://zh.wikipedia.org/wiki/%E9%BE%8D%E6%8D%B2%E9%A2%A8%E6%9A%B4_(2024%E5%B9%B4%E9%9B%BB%E5%BD%B1)
Q111945633,醜人兒 (電影),麥克G,3,凡妮莎·泰勒,仙境影視,动作|科幻,0,0,0,230,7715,https://zh.wikipedia.org/wiki/%E9%86%9C%E4%BA%BA%E5%85%92_(%E9%9B%BB%E5%BD%B1)
Q124291916,巴黎深淵,哈維爾·根斯,1,雅尼克·達漢（Yannick Dahan）|哈維爾·根斯|莫德·海楊格（Maud Heywang）|雅爾·朗曼（Yaël Langmann）|}},Let Me Be,动作|恐怖,0,0,0,306,6023,https://zh.wikipedia.org/wiki/%E5%B7%B4%E9%BB%8E%E6%B7%B1%E6%B7%B5
Q125806353,一部未完成的电影,娄烨,6,马英力,德國電視二台|德法公共电视台,剧情|纪录,2,0,6,303,8450,https://zh.wikipedia.org/wiki/%E4%B8%80%E9%83%A8%E6%9C%AA%E5%AE%8C%E6%88%90%E7%9A%84%E7%94%B5%E5%BD%B1
Q130210913,逆鳞 (2024年电影),大庆,7,尚可,天津猫眼微影文化传媒有限公司,犯罪,0,0,7,126,3643,https://zh.wikipedia.org/wiki/%E9%80%86%E9%B3%9E_(2024%E5%B9%B4%E7%94%B5%E5%BD%B1)
Q123760976,战，乱,,6,朴赞郁|申哲,,动作,0,0,0,144,11957,https://zh.wikipedia.org/wiki/%E6%88%98%EF%BC%8C%E4%B9%B1
Q123354209,Victory (电影),朴范秀,3,朴范秀|朴圣勋|姜敏善,,剧情|体育,0,0,0,151,16023,https://zh.wikipedia.org/wiki/Victory_(%E7%94%B5%E5%BD%B1)
Q113371337,猛毒最終章：最後一舞,,6,凱莉·馬修,哥倫比亞影業|漫威娛樂,动作|科幻|恐怖,0,0,0,387,22551,https://zh.wikipedia.org/wiki/%E7%8C%9B%E6%AF%92%E6%9C%80%E7%B5%82%E7%AB%A0%EF%BC%9A%E6%9C%80%E5%BE%8C%E4%B8%80%E8%88%9E
Q127699542,山区新娘,,2,莫拉·德尔佩罗,Rai Cinema,剧情,0,0,0,126,16329,https://zh.wikipedia.org/wiki/%E5%B1%B1%E5%8C%BA%E6%96%B0%E5%A8%98
Q117743095,恐懼的代價 (2024年電影),,1,朱利安·勒克萊爾|哈米·利伍亞（Hamid Hlioua）|}},TF1,动作|剧情|惊悚|冒险,0,0,0,161,7109,https://zh.wikipedia.org/wiki/%E6%81%90%E6%87%BC%E7%9A%84%E4%BB%A3%E5%83%B9_(2024%E5%B9%B4%E9%9B%BB%E5%BD%B1)
Q126390903,酷狗寶貝之復仇企鵝,尼克·帕克,0,,阿德曼動畫,动作|动画|冒险,2,4,0,210,6103,https://zh.wikipedia.org/wiki/%E9%85%B7%E7%8B%97%E5%AF%B6%E8%B2%9D%E4%B9%8B%E5%BE%A9%E4%BB%87%E4%BC%81%E9%B5%9D
Q126901041,美妙寵物 光之美少女電影： 心跳加速♡遊戲世界大冒險！,宮原直樹,18,加藤陽一,東映動畫,动画,0,0,0,219,15752,https://zh.wikipedia.org/wiki/%E7%BE%8E%E5%A6%99%E5%AF%B5%E7%89%A9_%E5%85%89%E4%B9%8B%E7%BE%8E%E5%B0%91%E5%A5%B3%E9%9B%BB%E5%BD%B1%EF%BC%9A_%E5%BF%83%E8%B7%B3%E5%8A%A0%E9%80%9F%E2%99%A1%E9%81%8A%E6%88%B2%E4%B8%96%E7%95%8C%E5%A4%A7%E5%86%92%E9%9A%AA%EF%BC%81
Q121547814,窺探者,,2,伊莎娜·奈·沙馬蘭,新線影業,恐怖|惊悚,0,0,0,294,6853,https://zh.wikipedia.org/wiki/%E7%AA%BA%E6%8E%A2%E8%80%85
Q131311712,看我今天怎麼說,黃修平,3,思言,天下一工作室有限公司,,6,4,0,397,75743,https://zh.wikipedia.org/wiki/%E7%9C%8B%E6%88%91%E4%BB%8A%E5%A4%A9%E6%80%8E%E9%BA%BC%E8%AA%AA
Q128307093,台北追緝令,黃嘉智,7,盧·貝松|黃嘉智}},歐羅巴影業,动作,0,0,4,201,20574,https://zh.wikipedia.org/wiki/%E5%8F%B0%E5%8C%97%E8%BF%BD%E7%B7%9D%E4%BB%A4
Q126942958,欢迎来到我身边,宋灏霖,3,缪倩|宋灏霖,,喜剧|爱情|奇幻,0,0,0,100,7825,https://zh.wikipedia.org/wiki/%E6%AC%A2%E8%BF%8E%E6%9D%A5%E5%88%B0%E6%88%91%E8%BA%AB%E8%BE%B9
Q13417189,星际穿越,克里斯托弗·诺兰,20,克里斯托弗·诺兰|強納森·諾蘭,傳奇電影公司,科幻|冒险|灾难,3,0,18,618,75621,https://zh.wikipedia.org/wiki/%E6%98%9F%E9%99%85%E7%A9%BF%E8%B6%8A
Q44578,泰坦尼克号 (1997年电影),詹姆斯·卡麥隆,8,詹姆斯·卡麥隆,派拉蒙影業|British Film Institute|AFI Catalog of Feature Films|American Film Institute|二十世紀福斯|光風暴娛樂,剧情|爱情|冒险|灾难,32,14,0,851,131255,https://zh.wikipedia.org/wiki/%E6%B3%B0%E5%9D%A6%E5%B0%BC%E5%85%8B%E5%8F%B7_(1997%E5%B9%B4%E7%94%B5%E5%BD%B1)
Q170564,终结者2：审判日,詹姆斯·卡梅隆,4,詹姆斯·卡梅隆,,动作|科幻|动画,7,0,0,745,64782,https://zh.wikipedia.org/wiki/%E7%BB%88%E7%BB%93%E8%80%852%EF%BC%9A%E5%AE%A1%E5%88%A4%E6%97%A5
Q685817,追随,克里斯托弗·诺兰,3,克里斯托弗·诺兰,后浪影业（）,惊悚|犯罪|悬疑,1,1,0,254,13320,https://zh.wikipedia.org/wiki/%E8%BF%BD%E9%9A%8F
Q25188,全面啟動,克里斯多福·諾蘭,15,克里斯多福·諾蘭,傳奇影業,动作|科幻|惊悚|冒险,7,0,10,317,21513,https://zh.wikipedia.org/wiki/%E5%85%A8%E9%9D%A2%E5%95%9F%E5%8B%95
Q190525,凶心人,克里斯托弗·诺兰,6,克里斯托弗·诺兰,顶峰娱乐,惊悚|犯罪,1,0,6,419,40806,https://zh.wikipedia.org/wiki/%E5%87%B6%E5%BF%83%E4%BA%BA
Q108839994,奧本海默 (電影),克里斯多福·諾蘭,48,克里斯多福·諾蘭,亞特拉斯娛樂,剧情|惊悚|战争|传记,24,0,48,622,82054,https://zh.wikipedia.org/wiki/%E5%A5%A7%E6%9C%AC%E6%B5%B7%E9%BB%98_(%E9%9B%BB%E5%BD%B1)
Q21935651,敦克爾克大行動,克里斯多福·諾蘭,11,克里斯多福·諾蘭,,动作|惊悚|战争|历史,0,0,0,382,35987,https://zh.wikipedia.org/wiki/%E6%95%A6%E5%85%8B%E7%88%BE%E5%85%8B%E5%A4%A7%E8%A1%8C%E5%8B%95
Q46551,頂尖對決,克里斯托弗·诺兰,5,強納森·諾蘭,华纳兄弟|试金石影片,科幻|惊悚|历史,0,0,0,422,7224,https://zh.wikipedia.org/wiki/%E9%A0%82%E5%B0%96%E5%B0%8D%E6%B1%BA
Q189330,黑暗騎士：黎明昇起,克里斯多福·諾蘭,12,強納森·諾蘭,,动作|恐怖|惊悚|犯罪|战争,0,0,11,820,32728,https://zh.wikipedia.org/wiki/%E9%BB%91%E6%9A%97%E9%A8%8E%E5%A3%AB%EF%BC%9A%E9%BB%8E%E6%98%8E%E6%98%87%E8%B5%B7
Q104123,低俗小说,昆汀·塔伦提诺,26,罗杰·艾弗瑞,法外之徒制片公司|澤西電影公司,喜剧|犯罪,5,1,18,427,19603,https://zh.wikipedia.org/wiki/%E4%BD%8E%E4%BF%97%E5%B0%8F%E8%AF%B4
Q1392744,华尔街之狼,馬丁·斯科塞斯,17,,红岩影片公司|亞壁古道影業|Sikelia Productions,剧情|喜剧|传记,5,5,16,361,28582,https://zh.wikipedia.org/wiki/%E5%8D%8E%E5%B0%94%E8%A1%97%E4%B9%8B%E7%8B%BC
Q244604,少数派报告 (电影),斯蒂芬·斯皮尔伯格,6,}},安培林娛樂公司|克魯斯-華格納製片,动作|科幻|惊悚|犯罪,1,0,6,299,10640,https://zh.wikipedia.org/wiki/%E5%B0%91%E6%95%B0%E6%B4%BE%E6%8A%A5%E5%91%8A_(%E7%94%B5%E5%BD%B1)
Q165325,杀死比尔,昆汀·塔倫提諾,8,昆汀·塔倫提諾,,动作|犯罪,0,4,0,716,17867,https://zh.wikipedia.org/wiki/%E6%9D%80%E6%AD%BB%E6%AF%94%E5%B0%94
Q571032,被解救的姜戈,昆汀·塔倫提諾,5,昆汀·塔倫提諾,溫斯坦影業|哥倫比亞電影公司,动作|喜剧|西部,6,2,0,456,17316,https://zh.wikipedia.org/wiki/%E8%A2%AB%E8%A7%A3%E6%95%91%E7%9A%84%E5%A7%9C%E6%88%88
Q483941,辛德勒的名单,斯蒂芬·斯皮尔伯格,6,,Amblin Entertainment,剧情|传记,16,0,0,380,15901,https://zh.wikipedia.org/wiki/%E8%BE%9B%E5%BE%B7%E5%8B%92%E7%9A%84%E5%90%8D%E5%8D%95
Q167726,侏羅紀公園,史蒂芬·史匹柏,4,大衛·柯普|麥可·克萊頓,安培林娛樂,科幻|惊悚,6,0,0,580,13276,https://zh.wikipedia.org/wiki/%E4%BE%8F%E7%BE%85%E7%B4%80%E5%85%AC%E5%9C%92
Q153723,惡棍特工,昆廷·塔伦蒂诺,8,昆廷·塔伦蒂诺,巴貝爾堡攝影棚,动作|剧情|惊悚|冒险|战争|历史,11,8,0,615,72700,https://zh.wikipedia.org/wiki/%E6%83%A1%E6%A3%8D%E7%89%B9%E5%B7%A5
Q165817,搶救雷恩大兵,,19,,,动作|剧情|战争,8,0,19,231,13168,https://zh.wikipedia.org/wiki/%E6%90%B6%E6%95%91%E9%9B%B7%E6%81%A9%E5%A4%A7%E5%85%B5
Q42047,盜亦有道,馬丁·史柯西斯,5,尼古拉斯·派勒吉|馬丁·史柯西斯,,剧情|犯罪|传记,6,0,0,228,9937,https://zh.wikipedia.org/wiki/%E7%9B%9C%E4%BA%A6%E6%9C%89%E9%81%93
Q190050,鬥陣俱樂部,大卫·芬奇,7,,福斯2000 電影公司|攝政企業,剧情|恐怖|惊悚|犯罪,3,3,4,484,11108,https://zh.wikipedia.org/wiki/%E9%AC%A5%E9%99%A3%E4%BF%B1%E6%A8%82%E9%83%A8
Q3521099,布达佩斯大饭店,魏斯·安德森,18,魏斯·安德森,福斯探照燈影業|巴貝爾斯堡攝影棚,剧情|喜剧|音乐,11,0,18,872,113327,https://zh.wikipedia.org/wiki/%E5%B8%83%E8%BE%BE%E4%BD%A9%E6%96%AF%E5%A4%A7%E9%A5%AD%E5%BA%97
Q217112,月升王国,魏斯·安德森,7,羅曼·柯波拉,American Empirical Pictures|Indian Paintbrush|Scott Rudin Productions,剧情|喜剧|爱情,0,0,1,114,7871,https://zh.wikipedia.org/wiki/%E6%9C%88%E5%8D%87%E7%8E%8B%E5%9B%BD
Q128518,角斗士 (电影),雷利·史考特,8,David Franzoni|約翰·洛根|威廉·尼克尔森,Scott Free Productions|Red Wagon Entertainmen,动作|剧情|历史,10,7,1,303,5973,https://zh.wikipedia.org/wiki/%E8%A7%92%E6%96%97%E5%A3%AB_(%E7%94%B5%E5%BD%B1)
Q184843,银翼杀手,雷利·史考特,9,漢普敦·芬奇,邵氏兄弟,动作|科幻|惊悚|悬疑,4,0,9,988,86372,https://zh.wikipedia.org/wiki/%E9%93%B6%E7%BF%BC%E6%9D%80%E6%89%8B
Q20382729,降临 (电影),丹尼·維勒納夫,5,艾瑞克·赫瑟勒,,剧情|科幻|惊悚,1,0,5,343,23631,https://zh.wikipedia.org/wiki/%E9%99%8D%E4%B8%B4_(%E7%94%B5%E5%BD%B1)
Q190908,七宗罪 (電影),大卫·芬奇,6,安德魯·凱文·沃克,,剧情|惊悚|犯罪|悬疑,1,2,4,268,5515,https://zh.wikipedia.org/wiki/%E4%B8%83%E5%AE%97%E7%BD%AA_(%E9%9B%BB%E5%BD%B1)
Q61448040,寄生上流,奉俊昊,6,奉俊昊,,剧情|家庭,28,6,0,730,112064,https://zh.wikipedia.org/wiki/%E5%AF%84%E7%94%9F%E4%B8%8A%E6%B5%81
Q596631,沙丘II 新王朝,,0,,,,0,0,0,403,2218,https://zh.wikipedia.org/wiki/%E6%B2%99%E4%B8%98II_%E6%96%B0%E7%8E%8B%E6%9C%9D
Q185888,社群網戰,大衛·芬奇,9,艾倫·索金,相對論傳媒,剧情|传记,13,0,8,550,25601,https://zh.wikipedia.org/wiki/%E7%A4%BE%E7%BE%A4%E7%B6%B2%E6%88%B0
Q189540,七武士,黑澤明,5,橋本忍,,动作|剧情,0,0,0,1125,103366,https://zh.wikipedia.org/wiki/%E4%B8%83%E6%AD%A6%E5%A3%AB
Q155653,千与千寻,宮崎駿,7,宮崎駿,吉卜力工作室,剧情|动画|奇幻|冒险|体育,12,0,0,762,102090,https://zh.wikipedia.org/wiki/%E5%8D%83%E4%B8%8E%E5%8D%83%E5%AF%BB
Q29011,哈尔的移动城堡,宮崎駿,5,宮崎駿,吉卜力工作室,动画|奇幻|冒险,1,0,0,713,30278,https://zh.wikipedia.org/wiki/%E5%93%88%E5%B0%94%E7%9A%84%E7%A7%BB%E5%8A%A8%E5%9F%8E%E5%A0%A1
Q766263,重庆森林,,0,,,剧情|爱情,7,0,0,351,30235,https://zh.wikipedia.org/wiki/%E9%87%8D%E5%BA%86%E6%A3%AE%E6%9E%97
Q39571,龙猫,宮崎駿,5,宮崎駿,吉卜力工作室,动画|奇幻|家庭,2,0,0,670,87290,https://zh.wikipedia.org/wiki/%E9%BE%99%E7%8C%AB
Q164702,2046 (電影),王家衛,16,王家衛,上海電影|德法公共电视台|法國電視三台|德國電視二台,剧情|爱情|科幻|音乐,10,0,11,239,26899,https://zh.wikipedia.org/wiki/2046_(%E9%9B%BB%E5%BD%B1)
Q475693,原罪犯,朴贊郁,3,,,剧情|犯罪,3,0,0,165,1827,https://zh.wikipedia.org/wiki/%E5%8E%9F%E7%BD%AA%E7%8A%AF
Q152780,少年Pi的奇幻漂流 (電影),李安,1,,Fox 2000 -{Pi}-ctures,剧情|奇幻|冒险,7,0,0,265,36428,https://zh.wikipedia.org/wiki/%E5%B0%91%E5%B9%B4Pi%E7%9A%84%E5%A5%87%E5%B9%BB%E6%BC%82%E6%B5%81_(%E9%9B%BB%E5%BD%B1)
Q160618,斷背山,李安,4,賴瑞·麥可莫特瑞,,剧情|爱情,12,0,0,429,11658,https://zh.wikipedia.org/wiki/%E6%96%B7%E8%83%8C%E5%B1%B1
Q843234,臥虎藏龍,,0,,,,0,0,0,214,4393,https://zh.wikipedia.org/wiki/%E8%87%A5%E8%99%8E%E8%97%8F%E9%BE%8D
Q1056853,花樣年華,王家衛,7,王家衛,,剧情|爱情,13,0,7,387,49756,https://zh.wikipedia.org/wiki/%E8%8A%B1%E6%A8%A3%E5%B9%B4%E8%8F%AF
Q186572,魔法公主,宮崎駿,5,宮崎駿,吉卜力工作室,动画|奇幻|冒险,3,3,0,614,79999,https://zh.wikipedia.org/wiki/%E9%AD%94%E6%B3%95%E5%85%AC%E4%B8%BB
Q300622,天下无贼,馮小剛,6,王刚|林黎胜|张家鲁|馮小剛,华谊兄弟,剧情|犯罪,2,0,0,307,8309,https://zh.wikipedia.org/wiki/%E5%A4%A9%E4%B8%8B%E6%97%A0%E8%B4%BC
Q133461,悲情城市,侯孝賢,6,吳念真|朱天文,年代有限公司,剧情|战争|家庭,3,0,0,513,34696,https://zh.wikipedia.org/wiki/%E6%82%B2%E6%83%85%E5%9F%8E%E5%B8%82
Q11085495,无人区 (电影),宁浩,4,述平|邢爱娜|崔斯韦|王红卫|尚可|宁浩,中国电影股份有限公司|北京橙天嘉禾影视制作有限公司|北京小马奔腾影业有限公司,剧情|犯罪,1,1,0,164,12487,https://zh.wikipedia.org/wiki/%E6%97%A0%E4%BA%BA%E5%8C%BA_(%E7%94%B5%E5%BD%B1)
Q855284,疯狂的石头,宁浩,7,岳小军|张承,映艺娱乐有限公司,剧情|喜剧|犯罪,4,0,0,353,9997,https://zh.wikipedia.org/wiki/%E7%96%AF%E7%8B%82%E7%9A%84%E7%9F%B3%E5%A4%B4
Q166588,红高粱 (电影),张艺谋,5,陈剑雨|朱伟|莫言,西安电影制片厂,剧情|战争,4,0,5,226,3162,https://zh.wikipedia.org/wiki/%E7%BA%A2%E9%AB%98%E7%B2%B1_(%E7%94%B5%E5%BD%B1)
Q6705257,色，戒,,0,,,,0,0,0,20,2900,https://zh.wikipedia.org/wiki/%E8%89%B2%EF%BC%8C%E6%88%92
Q2633399,让子弹飞,姜文,3,马识途|朱蘇進|述平|危笑,,动作|剧情|喜剧,8,0,0,130,13308,https://zh.wikipedia.org/wiki/%E8%AE%A9%E5%AD%90%E5%BC%B9%E9%A3%9E
Q3765957,阳光灿烂的日子,姜文,21,王朔,中国电影合作制片公司,剧情,6,0,21,220,4913,https://zh.wikipedia.org/wiki/%E9%98%B3%E5%85%89%E7%81%BF%E7%83%82%E7%9A%84%E6%97%A5%E5%AD%90
Q1155695,一代宗師,王家衛,4,鄒静之|徐浩峰,,动作|剧情|传记,21,1,0,328,26838,https://zh.wikipedia.org/wiki/%E4%B8%80%E4%BB%A3%E5%AE%97%E5%B8%AB
Q714057,無間道,劉偉強|麥兆輝,4,麥兆輝|莊文強,寰亞電影|基本映-{画}-有限公司,剧情|悬疑,18,0,0,517,20105,https://zh.wikipedia.org/wiki/%E7%84%A1%E9%96%93%E9%81%93
Q696413,霸王別姬 (電影),陳凱歌,3,李碧華,北京電影製片廠,剧情|爱情|战争,4,0,0,401,11942,https://zh.wikipedia.org/wiki/%E9%9C%B8%E7%8E%8B%E5%88%A5%E5%A7%AC_(%E9%9B%BB%E5%BD%B1)
Q536299,少林足球,周星馳|李力持,3,曾謹昌|馮勉恆|馮志強|盧薇,星輝海外有限公司|寰宇娛樂文化,动作|剧情|喜剧,10,0,0,254,14140,https://zh.wikipedia.org/wiki/%E5%B0%91%E6%9E%97%E8%B6%B3%E7%90%83
Q708888,甜蜜蜜 (电影),陈可辛,2,岸西,嘉禾娛樂事業有限公司,剧情|爱情|音乐,18,0,0,208,18994,https://zh.wikipedia.org/wiki/%E7%94%9C%E8%9C%9C%E8%9C%9C_(%E7%94%B5%E5%BD%B1)
Q85883356,她和他的戀愛花期,土井裕泰,8,坂元裕二,Filmmakers|Little More,爱情,0,0,0,273,6181,https://zh.wikipedia.org/wiki/%E5%A5%B9%E5%92%8C%E4%BB%96%E7%9A%84%E6%88%80%E6%84%9B%E8%8A%B1%E6%9C%9F
