person_id,name,entity_type,related_film_count,has_wikipedia_text,intro_chars,wikitext_chars,source_url
Q444583,D·J·克鲁索,导演,1,True,176,3907,https://zh.wikipedia.org/wiki/D%C2%B7J%C2%B7%E5%85%8B%E9%AD%AF%E7%B4%A2
Q462078,F·加里·格雷,导演,1,True,98,3748,https://zh.wikipedia.org/wiki/F%C2%B7%E5%8A%A0%E9%87%8C%C2%B7%E6%A0%BC%E9%9B%B7
Q1676295,J·C·陈多尔,导演,1,True,164,4834,https://zh.wikipedia.org/wiki/J%C2%B7C%C2%B7%E9%99%88%E5%A4%9A%E5%B0%94
Q4351712,J·J·佩里,导演,1,True,168,3592,https://zh.wikipedia.org/wiki/J%C2%B7J%C2%B7%E4%BD%A9%E9%87%8C
WP:Timo_Tjahjanto,Timo Tjahjanto,导演,1,False,0,0,
NAME:{{le|史考特·贝克和布莱恩·伍兹|Scott Beck and Bryan Woods|史考特·贝克,{{le|史考特·贝克和布莱恩·伍兹|Scott Beck and Bryan Woods|史考特·贝克,导演,1,False,0,0,
NAME:}},}},导演,3,False,0,0,
Q548823,丹尼斯·维勒弗,导演,7,True,70,9757,https://zh.wikipedia.org/wiki/%E4%B8%B9%E5%B0%BC%E6%96%AF%C2%B7%E7%BB%B4%E5%8B%92%E5%BC%97
Q23662548,乌斯曼·里亚兹,导演,1,True,98,1570,https://zh.wikipedia.org/wiki/%E7%83%8F%E6%96%AF%E6%9B%BC%C2%B7%E9%87%8C%E4%BA%9E%E8%8C%B2
Q446960,乔治·米勒,导演,2,True,207,6490,https://zh.wikipedia.org/wiki/%E4%B9%94%E6%B2%BB%C2%B7%E7%B1%B3%E5%8B%92
Q385058,乔瑟夫·麦克吉帝·尼克尔,导演,1,True,144,10330,https://zh.wikipedia.org/wiki/%E5%96%AC%E7%91%9F%E5%A4%AB%C2%B7%E9%BA%A5%E5%85%8B%E5%90%89%E5%B8%9D%C2%B7%E5%B0%BC%E5%85%8B%E7%88%BE
Q542634,亚历克斯·加兰,导演,2,True,74,4255,https://zh.wikipedia.org/wiki/%E4%BA%9A%E5%8E%86%E5%85%8B%E6%96%AF%C2%B7%E5%8A%A0%E5%85%B0
Q528132,亚历山大·阿甲,导演,1,True,151,6141,https://zh.wikipedia.org/wiki/%E4%BA%9E%E6%AD%B7%E5%B1%B1%E5%A4%A7%C2%B7%E9%98%BF%E7%94%B2
Q4679987,亚当·温高德,导演,1,True,158,4721,https://zh.wikipedia.org/wiki/%E4%BA%9E%E7%95%B6%C2%B7%E6%BA%AB%E9%AB%98%E5%BE%B7
NAME:佐殊·麦高连（Josh Margolin）,佐殊·麦高连（Josh Margolin）,导演,1,False,0,0,
WP:何国敏,何国敏,导演,1,False,0,0,
Q130331745,何妙祺,导演,1,True,54,4090,https://zh.wikipedia.org/wiki/%E4%BD%95%E5%A6%99%E7%A5%BA
WP:何念,何念,导演,1,False,0,0,
WP:何英毅,何英毅,导演,1,False,0,0,
Q55171,佩德罗·阿尔莫多瓦尔,导演,1,True,256,14221,https://zh.wikipedia.org/wiki/%E4%BD%A9%E5%BE%B7%E7%BD%97%C2%B7%E9%98%BF%E5%B0%94%E8%8E%AB%E5%A4%9A%E7%93%A6%E5%B0%94
Q192990,佳·烈治,导演,4,True,108,5912,https://zh.wikipedia.org/wiki/%E4%BD%B3%C2%B7%E7%83%88%E6%B2%BB
Q435626,侯孝贤,导演,1,True,275,25826,https://zh.wikipedia.org/wiki/%E4%BE%AF%E5%AD%9D%E8%B3%A2
Q363989,保罗·许瑞德,导演,1,True,278,6840,https://zh.wikipedia.org/wiki/%E4%BF%9D%E7%BE%85%C2%B7%E8%A8%B1%E7%91%9E%E5%BE%B7
Q2031292,保罗·费格,导演,1,True,218,7144,https://zh.wikipedia.org/wiki/%E4%BF%9D%E7%BD%97%C2%B7%E8%B4%B9%E6%A0%BC
Q43203,克林·伊斯威特,导演,4,True,668,15187,https://zh.wikipedia.org/wiki/%E5%85%8B%E6%9E%97%C2%B7%E4%BC%8A%E6%96%AF%E5%A8%81%E7%89%B9
Q238638,克里斯·魏兹,导演,1,True,143,8476,https://zh.wikipedia.org/wiki/%E5%85%8B%E9%87%8C%E6%96%AF%C2%B7%E9%AD%8F%E8%8C%B2
Q25191,克里斯托弗·诺兰,导演,18,True,663,116198,https://zh.wikipedia.org/wiki/%E5%85%8B%E9%87%8C%E6%96%AF%E6%89%98%E5%BC%97%C2%B7%E8%AF%BA%E5%85%B0
WP:克里斯蒂娜·科门奇尼,克里斯蒂娜·科门奇尼,导演,1,False,0,0,
Q716114,冯小刚,导演,1,True,72,30460,https://zh.wikipedia.org/wiki/%E5%86%AF%E5%B0%8F%E5%88%9A
Q58640889,凯尔西·曼恩,导演,1,True,105,8068,https://zh.wikipedia.org/wiki/%E5%87%B1%E7%88%BE%E8%A5%BF%C2%B7%E6%9B%BC%E6%81%A9
Q11930,凯文·科斯特纳,导演,2,True,257,16341,https://zh.wikipedia.org/wiki/%E5%87%AF%E6%96%87%C2%B7%E7%A7%91%E6%96%AF%E7%89%B9%E7%BA%B3
Q715330,刘伟强,导演,1,True,69,15225,https://zh.wikipedia.org/wiki/%E5%8A%89%E5%81%89%E5%BC%B7
WP:刘博文_(导演),刘博文,导演,1,False,0,0,
WP:刘奋斗,刘奋斗,导演,1,False,0,0,
Q113856261,刘循子墨,导演,1,True,68,1162,https://zh.wikipedia.org/wiki/%E5%88%98%E5%BE%AA%E5%AD%90%E5%A2%A8
Q9114667,区焯文,导演,1,True,101,6928,https://zh.wikipedia.org/wiki/%E5%8D%80%E7%84%AF%E6%96%87
Q458696,华特·萨勒斯,导演,1,True,117,4136,https://zh.wikipedia.org/wiki/%E8%8F%AF%E7%89%B9%C2%B7%E8%96%A9%E5%8B%92%E6%96%AF
Q7414,华特迪士尼公司,导演,1,True,734,46260,https://zh.wikipedia.org/wiki/%E5%8D%8E%E7%89%B9%E8%BF%AA%E5%A3%AB%E5%B0%BC%E5%85%AC%E5%8F%B8
NAME:南东协,南东协,导演,1,False,0,0,
NAME:卡拉·古铁雷斯,卡拉·古铁雷斯,导演,1,False,0,0,
Q1335528,卢卡·格达戈尼诺,导演,2,True,190,7328,https://zh.wikipedia.org/wiki/%E7%9B%A7%E5%8D%A1%C2%B7%E6%A0%BC%E9%81%94%E6%88%88%E5%B0%BC%E8%AB%BE
Q103917,史蒂文·索德伯格,导演,2,True,171,7387,https://zh.wikipedia.org/wiki/%E5%8F%B2%E8%92%82%E6%96%87%C2%B7%E7%B4%A2%E5%BE%B7%E4%BC%AF%E6%A0%BC
Q1523831,吉尔·基能,导演,1,True,84,5157,https://zh.wikipedia.org/wiki/%E5%90%89%E7%88%BE%C2%B7%E5%9F%BA%E8%83%BD
Q55432,吴宇森,导演,1,True,451,20614,https://zh.wikipedia.org/wiki/%E5%90%B4%E5%AE%87%E6%A3%AE
NAME:吴家伟,吴家伟,导演,1,False,0,0,
WP:吴有音,吴有音,导演,1,False,0,0,
Q107534502,吴胜旭,导演,1,True,35,4690,https://zh.wikipedia.org/wiki/%E5%90%B3%E5%8B%9D%E6%97%AD
Q311179,周星驰,导演,1,True,95,23660,https://zh.wikipedia.org/wiki/%E5%91%A8%E6%98%9F%E9%A6%B3
NAME:哈姆丹·比拉勒（Hamdan Ballal）,哈姆丹·比拉勒（Hamdan Ballal）,导演,1,False,0,0,
Q935646,哈维尔·根斯,导演,1,True,50,2668,https://zh.wikipedia.org/wiki/%E5%93%88%E7%B6%AD%E7%88%BE%C2%B7%E6%A0%B9%E6%96%AF
Q185783,唐季礼,导演,1,True,145,8083,https://zh.wikipedia.org/wiki/%E5%94%90%E5%AD%A3%E7%A6%AE
Q664001,土井裕泰,导演,1,True,30,2621,https://zh.wikipedia.org/wiki/%E5%9C%9F%E4%BA%95%E8%A3%95%E6%B3%B0
NAME:塔提瓦·皖他（Thaweewat Wanta）,塔提瓦·皖他（Thaweewat Wanta）,导演,1,False,0,0,
NAME:大卫·史托顿 David Stoten,大卫·史托顿 David Stoten,导演,1,False,0,0,
Q2296698,大卫·戈登·格林,导演,1,True,97,7163,https://zh.wikipedia.org/wiki/%E5%A4%A7%E5%8D%AB%C2%B7%E6%88%88%E7%99%BB%C2%B7%E6%A0%BC%E6%9E%97
Q184903,大卫·芬奇,导演,9,True,174,16904,https://zh.wikipedia.org/wiki/%E5%A4%A7%E5%8D%AB%C2%B7%E8%8A%AC%E5%A5%87
Q1091339,大卫·阿耶,导演,3,True,145,4533,https://zh.wikipedia.org/wiki/%E5%A4%A7%E5%8D%AB%C2%B7%E9%98%BF%E8%80%B6
Q5236475,大卫·雷奇,导演,2,True,239,4561,https://zh.wikipedia.org/wiki/%E5%A4%A7%E8%A1%9B%C2%B7%E9%9B%B7%E5%A5%87
Q960885,大卫·麦肯齐 (导演),导演,1,True,179,3482,https://zh.wikipedia.org/wiki/%E5%A4%A7%E8%A1%9B%C2%B7%E9%BA%A5%E8%82%AF%E9%BD%8A_(%E5%B0%8E%E6%BC%94)
NAME:大庆,大庆,导演,1,False,0,0,
Q51489,奈特·沙马兰,导演,3,True,276,18990,https://zh.wikipedia.org/wiki/%E5%A5%88%E7%89%B9%C2%B7%E6%B2%99%E9%A9%AC%E5%85%B0
Q495980,奉俊昊,导演,2,True,573,25177,https://zh.wikipedia.org/wiki/%E5%A5%89%E4%BF%8A%E6%98%8A
Q1379066,奥兹·柏金斯,导演,1,True,108,6102,https://zh.wikipedia.org/wiki/%E5%A5%A7%E8%8C%B2%C2%B7%E6%9F%8F%E9%87%91%E6%96%AF
Q60229799,奥山大史,导演,1,True,97,7312,https://zh.wikipedia.org/wiki/%E5%A5%A5%E5%B1%B1%E5%A4%A7%E5%8F%B2
Q2870837,奥黛丽·迪万,导演,1,True,94,3666,https://zh.wikipedia.org/wiki/%E5%A5%A5%E9%BB%9B%E4%B8%BD%C2%B7%E8%BF%AA%E4%B8%87
Q716069,姜文,导演,2,True,137,10743,https://zh.wikipedia.org/wiki/%E5%A7%9C%E6%96%87
Q30944503,姜瑞智,导演,1,True,157,2918,https://zh.wikipedia.org/wiki/%E5%A7%9C%E7%91%9E%E6%99%BA
Q423313,娄烨,导演,1,True,35,8335,https://zh.wikipedia.org/wiki/%E5%A8%84%E7%83%A8
Q117862408,孙海鹏,导演,1,True,55,2350,https://zh.wikipedia.org/wiki/%E5%AD%99%E6%B5%B7%E9%B9%8F
Q354554,宁浩,导演,3,True,87,11879,https://zh.wikipedia.org/wiki/%E5%AE%81%E6%B5%A9
Q72021,安卓·爵森,导演,1,True,94,1285,https://zh.wikipedia.org/wiki/%E5%AE%89%E5%8D%93%C2%B7%E7%88%B5%E6%A3%AE
NAME:安娜·哈贝格（）,安娜·哈贝格（）,导演,1,False,0,0,
WP:安小满,安小满,导演,1,False,0,0,
Q110405089,宋灏霖,导演,1,True,164,4521,https://zh.wikipedia.org/wiki/%E5%AE%8B%E7%81%8F%E9%9C%96
Q64516220,宫原直树,导演,1,True,96,6315,https://zh.wikipedia.org/wiki/%E5%AE%AE%E5%8E%9F%E7%9B%B4%E6%A8%B9
Q55400,宫崎骏,导演,5,True,255,40517,https://zh.wikipedia.org/wiki/%E5%AE%AB%E5%B4%8E%E9%AA%8F
NAME:小阿图罗·佩雷斯（）,小阿图罗·佩雷斯（）,导演,1,False,0,0,
WP:尔东,尔东,导演,1,False,0,0,
Q975410,尤格·蓝西莫,导演,1,True,225,8630,https://zh.wikipedia.org/wiki/%E5%B0%A4%E6%A0%BC%C2%B7%E8%97%8D%E8%A5%BF%E8%8E%AB
WP:尹又巧,尹又巧,导演,1,False,0,0,
Q336206,尼克·帕克,导演,1,True,150,6146,https://zh.wikipedia.org/wiki/%E5%B0%BC%E5%85%8B%C2%B7%E5%B8%95%E5%85%8B
Q126689055,尼瑟兰·史瓦米纳森,导演,1,True,141,4058,https://zh.wikipedia.org/wiki/%E5%B0%BC%E7%91%9F%E8%98%AD%C2%B7%E5%8F%B2%E7%93%A6%E7%B1%B3%E7%B4%8D%E6%A3%AE
Q26821227,巴里·杰金斯,导演,1,True,217,4242,https://zh.wikipedia.org/wiki/%E5%B7%B4%E9%87%8C%C2%B7%E6%9D%B0%E9%87%91%E6%96%AF
Q1114465,布拉德·佩顿,导演,1,True,104,2881,https://zh.wikipedia.org/wiki/%E5%B8%83%E6%8B%89%E5%BE%B7%C2%B7%E4%BD%A9%E9%A1%BF
Q897115,布拉迪·科贝特,导演,1,True,364,7991,https://zh.wikipedia.org/wiki/%E5%B8%83%E6%8B%89%E8%BF%AA%C2%B7%E7%A7%91%E8%B2%9D%E7%89%B9
NAME:布莱恩·伍兹}},布莱恩·伍兹}},导演,1,False,0,0,
Q913128,布莱恩·泰勒 (导演),导演,1,True,74,2452,https://zh.wikipedia.org/wiki/%E5%B8%83%E8%90%8A%E6%81%A9%C2%B7%E6%B3%B0%E5%8B%92_(%E5%B0%8E%E6%BC%94)
NAME:布莱斯·麦奎尔（）,布莱斯·麦奎尔（）,导演,1,False,0,0,
Q18720201,帕·兰基斯,导演,1,True,158,7625,https://zh.wikipedia.org/wiki/%E5%B8%95%C2%B7%E8%98%AD%E5%9F%BA%E6%96%AF
Q107803283,帕亚尔·卡帕迪亚,导演,1,True,177,6334,https://zh.wikipedia.org/wiki/%E5%B8%95%E4%BA%9E%E7%88%BE%C2%B7%E5%8D%A1%E5%B8%95%E8%BF%AA%E4%BA%9E
Q1985090,帕布罗·拉拉因,导演,1,True,64,3940,https://zh.wikipedia.org/wiki/%E5%B8%95%E5%B8%83%E7%BD%97%C2%B7%E6%8B%89%E6%8B%89%E5%9B%A0
NAME:帕特·波尼蒂帕特（พัฒน์ บุญนิธิพัฒน์）,帕特·波尼蒂帕特（พัฒน์ บุญนิธิพัฒน์）,导演,1,False,0,0,
NAME:帕特莉夏·丰特（Patricia Font）,帕特莉夏·丰特（Patricia Font）,导演,1,False,0,0,
Q56094,弗朗西斯·福特·科波拉,导演,4,True,970,7693,https://zh.wikipedia.org/wiki/%E5%BC%97%E6%9C%97%E8%A5%BF%E6%96%AF%C2%B7%E7%A6%8F%E7%89%B9%C2%B7%E7%A7%91%E6%B3%A2%E6%8B%89
Q701930,张家辉,导演,1,True,113,30576,https://zh.wikipedia.org/wiki/%E5%BC%B5%E5%AE%B6%E8%BC%9D
Q45696134,张栾,导演,1,True,44,1354,https://zh.wikipedia.org/wiki/%E5%BC%B5%E6%AC%92
Q55430,张艺谋,导演,2,True,322,46597,https://zh.wikipedia.org/wiki/%E5%BC%A0%E8%89%BA%E8%B0%8B
WP:彭大魔,彭大魔,导演,1,False,0,0,
Q3089490,彭氏兄弟,导演,2,True,325,7382,https://zh.wikipedia.org/wiki/%E5%BD%AD%E6%B0%8F%E5%85%84%E5%BC%9F
Q339551,彼得·西格尔,导演,1,True,61,1537,https://zh.wikipedia.org/wiki/%E5%BD%BC%E5%BE%97%C2%B7%E8%A5%BF%E6%A0%BC%E5%B0%94
Q893129,徐峥,导演,1,True,192,13699,https://zh.wikipedia.org/wiki/%E5%BE%90%E5%B3%A5
Q55695803,徐汉强,导演,1,True,230,5543,https://zh.wikipedia.org/wiki/%E5%BE%90%E6%BC%A2%E5%BC%B7
Q112965880,徐磊 (导演),导演,1,True,41,1160,https://zh.wikipedia.org/wiki/%E5%BE%90%E7%A3%8A_(%E5%AF%BC%E6%BC%94)
Q684474,悉达·阿南德,导演,1,True,172,9351,https://zh.wikipedia.org/wiki/%E6%82%89%E9%81%94%C2%B7%E9%98%BF%E5%8D%97%E5%BE%B7
Q42369,戛纳电影节,导演,1,True,258,9004,https://zh.wikipedia.org/wiki/%E6%88%9B%E7%BA%B3%E7%94%B5%E5%BD%B1%E8%8A%82
Q245075,戴夫·帕特尔,导演,1,True,95,5237,https://zh.wikipedia.org/wiki/%E6%88%B4%E5%A4%AB%C2%B7%E5%B8%95%E7%89%B9%E5%B0%94
NAME:托马斯·高（）,托马斯·高（）,导演,1,False,0,0,
NAME:拉谢尔·瑟尔（Rachel Szor）,拉谢尔·瑟尔（Rachel Szor）,导演,1,False,0,0,
Q3527989,提·威斯特,导演,1,True,186,15629,https://zh.wikipedia.org/wiki/%E6%8F%90%C2%B7%E5%A8%81%E6%96%AF%E7%89%B9
Q8877,斯蒂芬·斯皮尔伯格,导演,12,True,527,19778,https://zh.wikipedia.org/wiki/%E6%96%AF%E8%92%82%E8%8A%AC%C2%B7%E6%96%AF%E7%9A%AE%E5%B0%94%E4%BC%AF%E6%A0%BC
Q3772,昆汀·塔伦蒂诺,导演,12,True,1050,15181,https://zh.wikipedia.org/wiki/%E6%98%86%E6%B1%80%C2%B7%E5%A1%94%E4%BC%A6%E8%92%82%E8%AF%BA
Q453691,昆汀·杜皮尔,导演,1,True,203,8664,https://zh.wikipedia.org/wiki/%E6%98%86%E6%B1%80%C2%B7%E6%9D%9C%E7%9A%AE%E7%88%BE
Q5034286,曹保平,导演,1,True,41,3191,https://zh.wikipedia.org/wiki/%E6%9B%B9%E4%BF%9D%E5%B9%B3
WP:曾威量,曾威量,导演,1,False,0,0,
Q103646,朗·侯活,导演,2,True,119,7885,https://zh.wikipedia.org/wiki/%E6%9C%97%C2%B7%E4%BE%AF%E6%B4%BB
NAME:朴范秀,朴范秀,导演,1,False,0,0,
Q130698752,朴荣珠,导演,1,True,39,4533,https://zh.wikipedia.org/wiki/%E6%9C%B4%E6%A6%AE%E7%8F%A0
Q315484,朴赞郁,导演,2,True,56,11321,https://zh.wikipedia.org/wiki/%E6%9C%B4%E8%B4%8A%E9%83%81
Q3228905,李力持,导演,1,True,57,22213,https://zh.wikipedia.org/wiki/%E6%9D%8E%E5%8A%9B%E6%8C%81
Q160726,李安,导演,3,True,206,32893,https://zh.wikipedia.org/wiki/%E6%9D%8E%E5%AE%89
Q131752528,李志伟 (导演),导演,1,True,37,4374,https://zh.wikipedia.org/wiki/%E6%9D%8E%E5%BF%97%E5%81%89_(%E5%B0%8E%E6%BC%94)
NAME:李明勋,李明勋,导演,1,False,0,0,
NAME:李耀燮,李耀燮,导演,1,False,0,0,
NAME:李芝胜,李芝胜,导演,1,False,0,0,
NAME:李英国,李英国,导演,1,False,0,0,
WP:李达超,李达超,导演,1,False,0,0,
NAME:李阳,李阳,导演,1,False,0,0,
WP:李麒麟,李麒麟,导演,1,False,0,0,
Q27042042,杨修华,导演,1,True,51,2165,https://zh.wikipedia.org/wiki/%E6%A5%8A%E4%BF%AE%E8%8F%AF
Q57941396,杨曜恺,导演,1,True,30,3580,https://zh.wikipedia.org/wiki/%E6%A5%8A%E6%9B%9C%E6%84%B7
Q15930841,杨荔钠,导演,1,True,53,2077,https://zh.wikipedia.org/wiki/%E6%9D%A8%E8%8D%94%E9%92%A0
Q1678831,杰克·卡斯丹,导演,1,True,135,6680,https://zh.wikipedia.org/wiki/%E5%82%91%E5%85%8B%C2%B7%E5%8D%A1%E6%96%AF%E4%B8%B9
Q3176610,杰夫·瓦德洛,导演,1,True,117,4701,https://zh.wikipedia.org/wiki/%E5%82%91%E5%A4%AB%C2%B7%E7%93%A6%E5%BE%B7%E6%B4%9B
Q15453979,杰夫·福勒,导演,1,True,202,3628,https://zh.wikipedia.org/wiki/%E5%82%91%E5%A4%AB%C2%B7%E7%A6%8F%E5%8B%92
NAME:杰德·哈雷·巴特利特,杰德·哈雷·巴特利特,导演,1,False,0,0,
Q17521770,杰瑞米·索尼耶,导演,1,True,119,4154,https://zh.wikipedia.org/wiki/%E5%82%91%E7%91%9E%E7%B1%B3%C2%B7%E7%B4%A2%E5%B0%BC%E8%80%B6
NAME:杰米·贝利（）,杰米·贝利（）,导演,1,False,0,0,
Q219512,杰西·艾森柏格,导演,1,True,276,20676,https://zh.wikipedia.org/wiki/%E5%82%91%E8%A5%BF%C2%B7%E8%89%BE%E6%A3%AE%E6%9F%8F%E6%A0%BC
NAME:林汇达,林汇达,导演,1,False,0,0,
Q139890,查克·史奈德,导演,5,True,268,27467,https://zh.wikipedia.org/wiki/%E6%9F%A5%E5%85%8B%C2%B7%E5%8F%B2%E5%A5%88%E5%BE%B7
Q85881417,柯汶利,导演,1,True,45,4073,https://zh.wikipedia.org/wiki/%E6%9F%AF%E6%B1%B6%E5%88%A9
Q332998,柳承完,导演,1,True,178,12419,https://zh.wikipedia.org/wiki/%E6%9F%B3%E6%89%BF%E5%AE%8C
Q133281884,梁冠尧,导演,1,True,89,7417,https://zh.wikipedia.org/wiki/%E6%A2%81%E5%86%A0%E5%A0%AF
WP:梁冠舜,梁冠舜,导演,1,False,0,0,
WP:梁奕豪,梁奕豪,导演,1,False,0,0,
Q1066412,梁智强,导演,2,True,94,10058,https://zh.wikipedia.org/wiki/%E6%A2%81%E6%99%BA%E5%BC%B7
NAME:梁礼彦,梁礼彦,导演,1,False,0,0,
NAME:椛岛洋介,椛岛洋介,导演,1,False,0,0,
Q60837652,歌拉莉·花洁,导演,1,True,211,2796,https://zh.wikipedia.org/wiki/%E6%AD%8C%E6%8B%89%E8%8E%89%C2%B7%E8%8A%B1%E6%BD%94
Q114913773,殷若昕,导演,1,True,118,3584,https://zh.wikipedia.org/wiki/%E6%AE%B7%E8%8B%A5%E6%98%95
WP:毛启超,毛启超,导演,1,False,0,0,
Q2669356,汤米·维尔柯拉,导演,1,True,370,5905,https://zh.wikipedia.org/wiki/%E6%B9%AF%E7%B1%B3%C2%B7%E7%B6%AD%E7%88%BE%E6%9F%AF%E6%8B%89
WP:沈晓阳,沈晓阳,导演,1,False,0,0,
NAME:沈炯俊,沈炯俊,导演,1,False,0,0,
WP:河准元,河准元,导演,1,False,0,0,
NAME:波西·彭西罗利（）,波西·彭西罗利（）,导演,1,False,0,0,
Q15727919,潘耀明 (电影摄影师),导演,1,True,60,2798,https://zh.wikipedia.org/wiki/%E6%BD%98%E8%80%80%E6%98%8E_(%E9%9B%BB%E5%BD%B1%E6%94%9D%E5%BD%B1%E5%B8%AB)
Q1291686,爱德华·贝尔格,导演,1,True,222,4815,https://zh.wikipedia.org/wiki/%E7%88%B1%E5%BE%B7%E5%8D%8E%C2%B7%E8%B4%9D%E5%B0%94%E6%A0%BC
NAME:玄文燮,玄文燮,导演,1,False,0,0,
Q55431,王家卫,导演,3,True,144,36300,https://zh.wikipedia.org/wiki/%E7%8E%8B%E5%AE%B6%E5%8D%AB
NAME:王崇霖,王崇霖,导演,1,False,0,0,
Q124396899,王湘圣,导演,1,True,35,5174,https://zh.wikipedia.org/wiki/%E7%8E%8B%E6%B9%98%E8%81%96
WP:王筱刚,王筱刚,导演,1,False,0,0,
NAME:王鼎霖,王鼎霖,导演,1,False,0,0,
Q21032133,玛丽艾·海勒,导演,1,True,88,4501,https://zh.wikipedia.org/wiki/%E7%91%AA%E9%BA%97%E8%89%BE%C2%B7%E6%B5%B7%E5%8B%92
NAME:班·泰勒（Ben Taylor）,班·泰勒（Ben Taylor）,导演,1,False,0,0,
NAME:瓦苏蒂克·特皮奇,瓦苏蒂克·特皮奇,导演,1,False,0,0,
Q311723,甄子丹,导演,1,True,583,58328,https://zh.wikipedia.org/wiki/%E7%94%84%E5%AD%90%E4%B8%B9
Q131611333,甘剑宇,导演,1,True,44,2771,https://zh.wikipedia.org/wiki/%E7%94%98%E5%89%91%E5%AE%87
Q2829028,盐田明彦,导演,1,True,37,4698,https://zh.wikipedia.org/wiki/%E9%B9%BD%E7%94%B0%E6%98%8E%E5%BD%A5
Q23877023,盖瑞·道柏曼,导演,1,True,132,5663,https://zh.wikipedia.org/wiki/%E8%93%8B%E7%91%9E%C2%B7%E9%81%93%E6%9F%8F%E6%9B%BC
NAME:石川淳一,石川淳一,导演,1,False,0,0,
Q2518786,神山健治,导演,1,True,122,3684,https://zh.wikipedia.org/wiki/%E7%A5%9E%E5%B1%B1%E5%81%A5%E6%B2%BB
Q21710789,禹民镐,导演,1,True,150,2768,https://zh.wikipedia.org/wiki/%E7%A6%B9%E6%B0%91%E9%8E%AC
Q5104728,秋昌民,导演,1,True,113,4066,https://zh.wikipedia.org/wiki/%E7%A7%8B%E6%98%8C%E6%B0%91
Q981853,穆罕默德·拉素罗夫,导演,1,True,113,7244,https://zh.wikipedia.org/wiki/%E7%A9%86%E7%BD%95%E9%BB%98%E5%BE%B7%C2%B7%E6%8B%89%E7%B4%A0%E7%BE%85%E5%A4%AB
NAME:章勇进,章勇进,导演,1,False,0,0,
Q5613510,管虎,导演,2,True,47,6894,https://zh.wikipedia.org/wiki/%E7%AE%A1%E8%99%8E
Q28556,米歇尔·阿扎纳维西于斯,导演,1,True,135,4704,https://zh.wikipedia.org/wiki/%E7%B1%B3%E6%AD%87%E5%B0%94%C2%B7%E9%98%BF%E6%89%8E%E7%BA%B3%E7%BB%B4%E8%A5%BF%E4%BA%8E%E6%96%AF
Q313039,约翰·卡拉辛斯基,导演,2,True,384,32795,https://zh.wikipedia.org/wiki/%E7%B4%84%E7%BF%B0%C2%B7%E5%8D%A1%E6%8B%89%E8%BE%9B%E6%96%AF%E5%9F%BA
Q4922473,罗宁·提姆,导演,1,True,72,2505,https://zh.wikipedia.org/wiki/%E7%BE%85%E5%AF%A7%C2%B7%E6%8F%90%E5%A7%86
Q6716074,罗希特·谢蒂,导演,1,True,328,6681,https://zh.wikipedia.org/wiki/%E7%BE%85%E5%B8%8C%E7%89%B9%C2%B7%E8%AC%9D%E8%92%82
Q187364,罗拔·湛米基斯,导演,5,True,134,4779,https://zh.wikipedia.org/wiki/%E7%BE%85%E6%8B%94%C2%B7%E6%B9%9B%E7%B1%B3%E5%9F%BA%E6%96%AF
Q20826736,罗柏·艾格斯,导演,1,True,119,4310,https://zh.wikipedia.org/wiki/%E7%BE%85%E6%9F%8F%C2%B7%E8%89%BE%E6%A0%BC%E6%96%AF
Q22101425,翁子光,导演,1,True,157,8437,https://zh.wikipedia.org/wiki/%E7%BF%81%E5%AD%90%E5%85%89
Q28481177,耿军,导演,1,True,44,2128,https://zh.wikipedia.org/wiki/%E8%80%BF%E8%BB%8D
Q323076,肖恩·利维,导演,2,True,93,4538,https://zh.wikipedia.org/wiki/%E8%82%96%E6%81%A9%C2%B7%E5%88%A9%E7%BB%B4
Q358714,艾利·罗斯,导演,1,True,218,11686,https://zh.wikipedia.org/wiki/%E8%89%BE%E5%88%A9%C2%B7%E7%BE%85%E6%96%AF
NAME:莎曼珊·杰恩（）,莎曼珊·杰恩（）,导演,1,False,0,0,
Q978649,葛瑞格·贝兰提,导演,1,True,378,8043,https://zh.wikipedia.org/wiki/%E8%91%9B%E7%91%9E%E6%A0%BC%C2%B7%E8%B2%9D%E8%98%AD%E6%8F%90
Q56008,蒂姆·伯顿,导演,2,True,632,16151,https://zh.wikipedia.org/wiki/%E8%92%82%E5%A7%86%C2%B7%E4%BC%AF%E9%A1%BF
Q3418802,蓝道尔·艾米特,导演,1,True,181,10164,https://zh.wikipedia.org/wiki/%E8%97%8D%E9%81%93%E7%88%BE%C2%B7%E8%89%BE%E7%B1%B3%E7%89%B9
Q116226300,袁剑伟,导演,1,True,59,11855,https://zh.wikipedia.org/wiki/%E8%A2%81%E5%8A%8D%E5%81%89
NAME:西恩·查尔马兹,西恩·查尔马兹,导演,1,False,0,0,
Q7441419,西恩·贝克,导演,1,True,232,42858,https://zh.wikipedia.org/wiki/%E8%A5%BF%E6%81%A9%C2%B7%E8%B2%9D%E5%85%8B
NAME:詹姆斯·努恩（）,詹姆斯·努恩（）,导演,1,False,0,0,
Q42574,詹姆斯·卡梅隆,导演,8,True,829,9134,https://zh.wikipedia.org/wiki/%E8%A9%B9%E5%A7%86%E6%96%AF%C2%B7%E5%8D%A1%E6%A2%85%E9%9A%86
Q433893,詹姆斯·曼高德,导演,3,True,134,3447,https://zh.wikipedia.org/wiki/%E8%A9%B9%E5%A7%86%E6%96%AF%C2%B7%E6%9B%BC%E9%AB%98%E5%BE%B7
Q2057920,詹姆斯·瓦特金斯,导演,1,True,164,1795,https://zh.wikipedia.org/wiki/%E8%A9%B9%E5%A7%86%E6%96%AF%C2%B7%E7%93%A6%E7%89%B9%E9%87%91%E6%96%AF
WP:许明行,许明行,导演,2,False,0,0,
Q5439920,费德·阿瓦雷兹,导演,1,True,126,3398,https://zh.wikipedia.org/wiki/%E8%B2%BB%E5%BE%B7%C2%B7%E9%98%BF%E7%93%A6%E9%9B%B7%E8%8C%B2
Q382389,贾克·欧迪亚,导演,1,True,99,3686,https://zh.wikipedia.org/wiki/%E8%B3%88%E5%85%8B%C2%B7%E6%AD%90%E8%BF%AA%E4%BA%9E
Q13014163,贾图隆·摩乔克,导演,1,True,127,12416,https://zh.wikipedia.org/wiki/%E8%B3%88%E5%9C%96%E9%9A%86%C2%B7%E6%91%A9%E5%96%AC%E5%85%8B
Q6317793,贾斯汀·克佐,导演,1,True,226,4466,https://zh.wikipedia.org/wiki/%E8%B3%88%E6%96%AF%E6%B1%80%C2%B7%E5%85%8B%E4%BD%90
Q1303706,贾斯汀·巴尔多尼,导演,1,True,103,2047,https://zh.wikipedia.org/wiki/%E8%B3%88%E6%96%AF%E6%B1%80%C2%B7%E5%B7%B4%E7%88%BE%E5%A4%9A%E5%B0%BC
NAME:贾斯汀·鲁特（）,贾斯汀·鲁特（）,导演,1,False,0,0,
Q461079,贾樟柯,导演,1,True,165,26376,https://zh.wikipedia.org/wiki/%E8%B4%BE%E6%A8%9F%E6%9F%AF
Q357183,赞美·哥勒-施拉,导演,1,True,141,3094,https://zh.wikipedia.org/wiki/%E8%B4%8A%E7%BE%8E%C2%B7%E5%93%A5%E5%8B%92-%E6%96%BD%E6%8B%89
WP:赵善浩,赵善浩,导演,1,False,0,0,
Q15905642,赵德胤,导演,1,True,109,20079,https://zh.wikipedia.org/wiki/%E8%B6%99%E5%BE%B7%E8%83%A4
Q11964475,达格·约翰·豪格鲁德,导演,1,True,120,8210,https://zh.wikipedia.org/wiki/%E8%BE%BE%E6%A0%BC%C2%B7%E7%BA%A6%E7%BF%B0%C2%B7%E8%B1%AA%E6%A0%BC%E9%B2%81%E5%BE%B7
Q104867022,达米安·里安,导演,1,True,100,13258,https://zh.wikipedia.org/wiki/%E9%81%94%E7%B1%B3%E5%AE%89%C2%B7%E9%87%8C%E5%AE%89
NAME:迈克尔·仔哥·霍尔,迈克尔·仔哥·霍尔,导演,1,False,0,0,
WP:迈克尔·洛克申,迈克尔·洛克申,导演,1,False,0,0,
Q349339,道格·李曼,导演,5,True,103,4258,https://zh.wikipedia.org/wiki/%E9%81%93%E6%A0%BC%C2%B7%E6%9D%8E%E6%9B%BC
Q3134110,邱礼涛,导演,2,True,573,18671,https://zh.wikipedia.org/wiki/%E9%82%B1%E7%A6%AE%E6%BF%A4
Q120784564,邵艺辉,导演,1,True,254,3448,https://zh.wikipedia.org/wiki/%E9%82%B5%E8%89%BA%E8%BE%89
Q74138,郑保瑞,导演,1,True,148,9270,https://zh.wikipedia.org/wiki/%E9%83%91%E4%BF%9D%E7%91%9E
Q6514075,郑李烁,导演,1,True,212,3224,https://zh.wikipedia.org/wiki/%E9%84%AD%E6%9D%8E%E7%88%8D
NAME:金世辉,金世辉,导演,1,False,0,0,
Q125874301,金兹·斯巴洛迪斯,导演,1,True,224,11483,https://zh.wikipedia.org/wiki/%E9%87%91%E8%8C%B2%C2%B7%E6%96%AF%E5%B7%B4%E6%B4%9B%E8%BF%AA%E6%96%AF
NAME:金圣翰,金圣翰,导演,1,False,0,0,
NAME:金德敏,金德敏,导演,1,False,0,0,
NAME:金成济,金成济,导演,1,False,0,0,
NAME:金熙珍,金熙珍,导演,1,False,0,0,
Q15903922,钟孟宏,导演,1,True,158,11845,https://zh.wikipedia.org/wiki/%E9%8D%BE%E5%AD%9F%E5%AE%8F
WP:闫非,闫非,导演,1,False,0,0,
Q60544833,阿迪尔·艾尔·阿比和毕拉尔·法拉,导演,1,True,204,8003,https://zh.wikipedia.org/wiki/%E9%98%BF%E8%BF%AA%E7%88%BE%C2%B7%E8%89%BE%E7%88%BE%C2%B7%E9%98%BF%E6%AF%94%E5%92%8C%E7%95%A2%E6%8B%89%E7%88%BE%C2%B7%E6%B3%95%E6%8B%89
Q28842152,阿里·阿巴西,导演,1,True,71,5034,https://zh.wikipedia.org/wiki/%E9%98%BF%E9%87%8C%C2%B7%E9%98%BF%E5%B7%B4%E8%A5%BF
WP:陆可,陆可,导演,1,False,0,0,
Q1856626,陆川 (导演),导演,1,True,39,15242,https://zh.wikipedia.org/wiki/%E9%99%86%E5%B7%9D_(%E5%AF%BC%E6%BC%94)
Q202597,陈凯歌,导演,1,True,73,8822,https://zh.wikipedia.org/wiki/%E9%99%88%E5%87%AF%E6%AD%8C
Q716064,陈可辛,导演,1,True,162,20542,https://zh.wikipedia.org/wiki/%E9%99%B3%E5%8F%AF%E8%BE%9B
Q15919819,陈咏燊,导演,2,True,50,15396,https://zh.wikipedia.org/wiki/%E9%99%B3%E8%A9%A0%E7%87%8A
Q703779,陈思诚,导演,1,True,281,14441,https://zh.wikipedia.org/wiki/%E9%99%88%E6%80%9D%E8%AF%9A
Q15951603,陈茂贤,导演,1,True,650,6800,https://zh.wikipedia.org/wiki/%E9%99%B3%E8%8C%82%E8%B3%A2
Q362824,陶德·菲利普斯,导演,4,True,314,4660,https://zh.wikipedia.org/wiki/%E9%99%B6%E5%BE%B7%C2%B7%E8%8F%B2%E5%88%A9%E6%99%AE%E6%96%AF
Q9072298,雪村,导演,1,True,48,3173,https://zh.wikipedia.org/wiki/%E9%9B%AA%E6%9D%91
Q56005,雷利·史考特,导演,8,True,217,10535,https://zh.wikipedia.org/wiki/%E9%9B%B7%E5%88%A9%C2%B7%E5%8F%B2%E8%80%83%E7%89%B9
Q318712,雷尼·哈林,导演,2,True,420,3824,https://zh.wikipedia.org/wiki/%E9%9B%B7%E5%B0%BC%C2%B7%E5%93%88%E6%9E%97
NAME:霍昕,霍昕,导演,1,False,0,0,
WP:霍穗强,霍穗强,导演,1,False,0,0,
Q18148710,韦斯·波尔,导演,1,True,157,3381,https://zh.wikipedia.org/wiki/%E9%9F%8B%E6%96%AF%C2%B7%E6%B3%A2%E7%88%BE
Q470841,韩寒,导演,1,True,160,48658,https://zh.wikipedia.org/wiki/%E9%9F%A9%E5%AF%92
NAME:韩洁瑶,韩洁瑶,导演,1,False,0,0,
WP:项河生,项河生,导演,1,False,0,0,
WP:项秋良,项秋良,导演,1,False,0,0,
Q716018,顾长卫,导演,1,True,54,3615,https://zh.wikipedia.org/wiki/%E9%A1%BE%E9%95%BF%E5%8D%AB
Q282033,马丁·坎贝尔,导演,2,True,141,4115,https://zh.wikipedia.org/wiki/%E9%A9%AC%E4%B8%81%C2%B7%E5%9D%8E%E8%B4%9D%E5%B0%94
Q41148,马丁·斯科塞斯,导演,8,True,703,35850,https://zh.wikipedia.org/wiki/%E9%A9%AC%E4%B8%81%C2%B7%E6%96%AF%E7%A7%91%E5%A1%9E%E6%96%AF
Q2593,马修·沃恩,导演,4,True,166,5588,https://zh.wikipedia.org/wiki/%E9%A9%AC%E4%BF%AE%C2%B7%E6%B2%83%E6%81%A9
Q471552,马克·沃特斯,导演,1,True,205,2192,https://zh.wikipedia.org/wiki/%E9%A9%AC%E5%85%8B%C2%B7%E6%B2%83%E7%89%B9%E6%96%AF
NAME:马尔科姆·华盛顿（）,马尔科姆·华盛顿（）,导演,1,False,0,0,
Q6788348,马特·贝蒂内利-奥尔平,导演,1,True,131,1185,https://zh.wikipedia.org/wiki/%E9%A6%AC%E7%89%B9%C2%B7%E8%B2%9D%E8%92%82%E5%85%A7%E5%88%A9-%E5%A5%A7%E7%88%BE%E5%B9%B3
Q111692942,高子彬,导演,1,True,85,20043,https://zh.wikipedia.org/wiki/%E9%AB%98%E5%AD%90%E5%BD%AC
Q116226479,魏书钧,导演,1,True,82,4787,https://zh.wikipedia.org/wiki/%E9%AD%8F%E6%9B%B8%E9%88%9E
Q223687,魏斯·安德森,导演,3,True,144,14080,https://zh.wikipedia.org/wiki/%E9%AD%8F%E6%96%AF%C2%B7%E5%AE%89%E5%BE%B7%E6%A3%AE
Q175062,鲁伯特·桑德斯,导演,1,True,64,7022,https://zh.wikipedia.org/wiki/%E9%B2%81%E4%BC%AF%E7%89%B9%C2%B7%E6%A1%91%E5%BE%B7%E6%96%AF
Q4707232,麦兆辉,导演,1,True,81,7329,https://zh.wikipedia.org/wiki/%E9%BA%A5%E5%85%86%E8%BC%9D
Q19668417,麦可·弗拉纳根,导演,1,True,150,16133,https://zh.wikipedia.org/wiki/%E9%BA%A5%E5%8F%AF%C2%B7%E5%BC%97%E6%8B%89%E7%B4%8D%E6%A0%B9
Q28152753,麦可·格雷希,导演,1,True,72,5484,https://zh.wikipedia.org/wiki/%E9%BA%A5%E5%8F%AF%C2%B7%E6%A0%BC%E9%9B%B7%E5%B8%8C
Q132093969,麦启光,导演,1,True,36,1892,https://zh.wikipedia.org/wiki/%E9%BA%A5%E5%95%9F%E5%85%89
Q15920188,黄修平,导演,1,True,199,8075,https://zh.wikipedia.org/wiki/%E9%BB%83%E4%BF%AE%E5%B9%B3
Q5540807,黄嘉智 (导演),导演,1,True,129,6613,https://zh.wikipedia.org/wiki/%E9%BB%83%E5%98%89%E6%99%BA_(%E5%B0%8E%E6%BC%94)
Q8006,黑泽明,导演,1,True,198,15084,https://zh.wikipedia.org/wiki/%E9%BB%91%E6%BE%A4%E6%98%8E
IMDB:nm0009190,J·J·艾布拉姆斯,导演,2,False,0,0,
IMDB:nm0319659,丹·吉尔罗伊,导演,1,False,0,0,
IMDB:nm0000965,丹尼·博伊尔,导演,2,False,0,0,
IMDB:nm0002653,乔·约翰斯顿,导演,1,False,0,0,
IMDB:nm0001054,乔尔·科恩,导演,3,False,0,0,
IMDB:nm1218281,乔恩·沃茨,导演,3,False,0,0,
Q295964,乔恩·费儒,导演,2,False,0,0,
IMDB:nm0923736,乔斯·惠登,导演,2,False,0,0,
IMDB:nm0000184,乔治·卢卡斯,导演,4,False,0,0,
IMDB:nm1443502,乔登·皮尔,导演,1,False,0,0,
IMDB:nm0851930,亚伦·泰勒,导演,1,False,0,0,
IMDB:nm0001639,亚历士·普罗亚斯,导演,1,False,0,0,
IMDB:nm0327944,亚历杭德罗·冈萨雷斯·伊尼亚里图,导演,2,False,0,0,
IMDB:nm0570912,亚当·麦凯,导演,1,False,0,0,
IMDB:nm0001053,伊桑·科恩,导演,3,False,0,0,
IMDB:nm0000759,保罗·托马斯·安德森,导演,1,False,0,0,
IMDB:nm0339030,保罗·格林格拉斯,导演,1,False,0,0,
IMDB:nm0001060,克里斯·哥伦布,导演,3,False,0,0,
IMDB:nm0118333,克里斯·巴克,导演,1,False,0,0,
IMDB:nm0761498,克里斯·桑德斯,导演,1,False,0,0,
IMDB:nm0588087,克里斯·米勒,导演,1,False,0,0,
IMDB:nm0719208,克里斯·雷纳德,导演,1,False,0,0,
IMDB:nm0917188,克里斯·韦奇,导演,1,False,0,0,
IMDB:nm3453283,关家永,导演,1,False,0,0,
IMDB:nm0610831,加布里埃莱·穆奇诺,导演,1,False,0,0,
IMDB:nm0004303,加文·胡德,导演,1,False,0,0,
IMDB:nm0821432,卓·史达赫斯基,导演,2,False,0,0,
IMDB:nm0526199,卡提亚·兰德,导演,1,False,0,0,
IMDB:nm0757858,卡洛斯·沙尔丹哈,导演,1,False,0,0,
IMDB:nm0220600,史考特·德瑞森,导演,1,False,0,0,
IMDB:nm2588606,史蒂夫·麦奎因,导演,1,False,0,0,
IMDB:nm0154716,史蒂芬·切波斯基,导演,1,False,0,0,
IMDB:nm0868219,吉列尔莫·德尔托罗,导演,1,False,0,0,
IMDB:nm0000108,吕克·贝松,导演,2,False,0,0,
IMDB:nm0000601,哈罗德·雷米斯,导演,1,False,0,0,
IMDB:nm0942367,埃德加·赖特,导演,3,False,0,0,
IMDB:nm0169806,塔伊加·维迪提,导演,1,False,0,0,
IMDB:nm0532235,塞思·麦克法兰,导演,1,False,0,0,
IMDB:nm0751102,大卫·O·拉塞尔,导演,1,False,0,0,
IMDB:nm0946734,大卫·叶茨,导演,4,False,0,0,
IMDB:nm0798899,大卫·斯沃曼,导演,1,False,0,0,
IMDB:nm0619923,奥力佛·那卡契,导演,1,False,0,0,
IMDB:nm1349818,安娜·波顿,导演,1,False,0,0,
IMDB:nm0615592,安德斯·穆斯切蒂,导演,1,False,0,0,
IMDB:nm0011470,安德鲁·亚当森,导演,1,False,0,0,
IMDB:nm0004056,安德鲁·斯坦顿,导演,2,False,0,0,
IMDB:nm0449984,尔文·克许纳,导演,1,False,0,0,
IMDB:nm0001024,尼克·卡萨维茨,导演,1,False,0,0,
IMDB:nm0716347,尼古拉斯·温丁·雷芬,导演,1,False,0,0,
IMDB:nm1139726,尼尔·博格,导演,1,False,0,0,
IMDB:nm0088955,尼尔·布洛姆坎普,导演,1,False,0,0,
IMDB:nm0005222,山姆·曼德斯,导演,3,False,0,0,
IMDB:nm0525303,巴兹·雷曼,导演,1,False,0,0,
IMDB:nm0001469,巴瑞·李文森,导演,1,False,0,0,
IMDB:nm0001756,巴里·索南菲尔德,导演,1,False,0,0,
IMDB:nm0083348,布拉德·伯德,导演,2,False,0,0,
IMDB:nm0000361,布赖恩·拉塞尔·德·帕尔马,导演,1,False,0,0,
IMDB:nm0001741,布赖恩·辛格,导演,5,False,0,0,
IMDB:nm0711840,布雷特·拉特纳,导演,1,False,0,0,
IMDB:nm0001486,希德尼·鲁迈特,导演,1,False,0,0,
IMDB:nm0588340,弗兰克·米勒,导演,1,False,0,0,
IMDB:nm0001104,弗兰克·达拉邦特,导演,2,False,0,0,
IMDB:nm1349376,弗朗西斯·劳伦斯,导演,2,False,0,0,
IMDB:nm0001129,强纳森·德米,导演,1,False,0,0,
IMDB:nm0001837,彼得·威尔,导演,2,False,0,0,
IMDB:nm0709056,彼得·拉姆齐,导演,1,False,0,0,
IMDB:nm0001392,彼得·杰克逊,导演,6,False,0,0,
IMDB:nm0268380,彼得·法雷利,导演,1,False,0,0,
IMDB:nm0004716,戴伦·艾洛诺夫斯基,导演,2,False,0,0,
IMDB:nm0443411,托尼·凯耶,导演,1,False,0,0,
IMDB:nm0905154,拉娜·沃卓斯基,导演,3,False,0,0,
IMDB:nm0397174,拜伦·霍华德,导演,1,False,0,0,
IMDB:nm1783265,提姆·米勒,导演,1,False,0,0,
IMDB:nm0000040,斯坦利·库布里克,导演,4,False,0,0,
NAME:斯派克·琼斯,斯派克·琼斯,导演,1,False,0,0,
IMDB:nm0000255,本·阿弗莱克,导演,1,False,0,0,
IMDB:nm0881279,李·安克里奇,导演,5,False,0,0,
IMDB:nm1158544,杰瑞·布希,导演,1,False,0,0,
IMDB:nm0000436,柯蒂斯·汉森,导演,1,False,0,0,
IMDB:nm0275629,格勒恩·菲卡尔雅,导演,1,False,0,0,
IMDB:nm0001814,格斯·范桑特,导演,1,False,0,0,
IMDB:nm1950086,格蕾塔·葛韦格,导演,1,False,0,0,
IMDB:nm0609549,格雷格·莫托拉,导演,1,False,0,0,
IMDB:nm0000154,梅尔·吉布森,导演,2,False,0,0,
IMDB:nm0393799,汤姆·霍伯,导演,1,False,0,0,
IMDB:nm0000583,沃尔夫冈·彼得森,导演,1,False,0,0,
IMDB:nm0000948,沙恩·布莱克,导演,1,False,0,0,
IMDB:nm0849164,洛芙琳·坦丹,导演,1,False,0,0,
IMDB:nm0420941,派蒂·珍金斯,导演,1,False,0,0,
IMDB:nm0715636,派顿·瑞德,导演,1,False,0,0,
IMDB:nm1490123,温子仁,导演,1,False,0,0,
IMDB:nm0000416,特里·吉列姆,导演,2,False,0,0,
IMDB:nm0001402,特里·琼斯,导演,1,False,0,0,
IMDB:nm0366004,玛丽·哈伦,导演,1,False,0,0,
IMDB:nm1601644,珍妮佛·李,导演,1,False,0,0,
IMDB:nm0446819,理查德·凯利,导演,1,False,0,0,
IMDB:nm0193485,理查德·柯蒂斯,导演,1,False,0,0,
IMDB:nm0549658,理查德·马昆德,导演,1,False,0,0,
IMDB:nm3363032,瑞恩·库格勒,导演,1,False,0,0,
Q3384479,皮埃尔·科菲,导演,1,False,0,0,
IMDB:nm0230032,皮特·多克特,导演,3,False,0,0,
IMDB:nm0603628,皮耶·莫瑞尔,导演,1,False,0,0,
IMDB:nm0002657,盖瑞·罗斯,导演,1,False,0,0,
IMDB:nm1119880,科林·崔佛洛,导演,1,False,0,0,
IMDB:nm0684342,简·皮克瓦,导演,1,False,0,0,
IMDB:nm0327273,米歇·龚德里,导演,1,False,0,0,
IMDB:nm0001232,米洛斯·福曼,导演,1,False,0,0,
IMDB:nm2676052,约瑟夫·柯金斯基,导演,2,False,0,0,
IMDB:nm0000814,约翰·艾维森,导演,1,False,0,0,
IMDB:nm0720135,约翰·里夸,导演,1,False,0,0,
IMDB:nm0005124,约翰·雷斯特,导演,2,False,0,0,
IMDB:nm0828970,约翰·韦恩·史蒂文森,导演,1,False,0,0,
IMDB:nm0001532,约翰‧麦提南,导演,1,False,0,0,
IMDB:nm0421776,维基·詹森,导演,1,False,0,0,
IMDB:nm0551128,罗伯·马歇尔,导演,1,False,0,0,
IMDB:nm0001675,罗伯特·罗德里格兹,导演,1,False,0,0,
IMDB:nm0000386,罗兰·埃梅里希,导演,1,False,0,0,
IMDB:nm0215455,罗尼·卡门,导演,1,False,0,0,
IMDB:nm0591450,罗布·明科夫,导演,1,False,0,0,
IMDB:nm0745247,罗德尼·罗斯曼,导演,1,False,0,0,
IMDB:nm0000591,罗曼·波兰斯基,导演,1,False,0,0,
IMDB:nm0021249,罗杰·阿勒斯,导演,1,False,0,0,
IMDB:nm0000905,罗贝托·贝尼尼,导演,1,False,0,0,
IMDB:nm0000576,肖恩·潘,导演,1,False,0,0,
Q55294,肯尼思·布拉纳,导演,1,False,0,0,
IMDB:nm0865918,艾力克·多伦达诺,导演,1,False,0,0,
IMDB:nm0001880,艾德·兹威克,导演,1,False,0,0,
IMDB:nm0905152,莉莉·沃卓斯基,导演,3,False,0,0,
IMDB:nm0878763,莫腾·泰杜姆,导演,1,False,0,0,
IMDB:nm0426059,莱恩·约翰逊,导演,3,False,0,0,
IMDB:nm0520488,菲尔·洛德,导演,1,False,0,0,
IMDB:nm0000600,萨姆·莱米,导演,3,False,0,0,
IMDB:nm0348181,詹姆斯·冈恩,导演,2,False,0,0,
IMDB:nm0574625,詹姆斯·麦克提格,导演,1,False,0,0,
IMDB:nm0000466,让-皮埃尔·热内,导演,1,False,0,0,
IMDB:nm0576987,费尔南多·梅雷莱斯,导演,1,False,0,0,
IMDB:nm0718646,贾森·雷特曼,导演,1,False,0,0,
IMDB:nm0001466,赛尔乔·莱昂内,导演,1,False,0,0,
IMDB:nm0504642,路易斯·莱特里尔,导演,2,False,0,0,
IMDB:nm3227090,达米恩·查泽雷,导演,2,False,0,0,
IMDB:nm0001565,迈克·纽维尔,导演,1,False,0,0,
IMDB:nm0000881,迈克尔·贝,导演,1,False,0,0,
IMDB:nm0213450,迪恩·戴布洛伊,导演,1,False,0,0,
IMDB:nm1512910,邓肯·琼斯,导演,1,False,0,0,
IMDB:nm0601781,里奇·摩尔,导演,1,False,0,0,
IMDB:nm0105169,阿什·布莱侬,导演,1,False,0,0,
IMDB:nm0000033,阿尔弗雷德·希区柯克,导演,2,False,0,0,
IMDB:nm2937122,阿德里安·莫利纳,导演,1,False,0,0,
IMDB:nm0190859,阿方索·卡隆,导演,2,False,0,0,
IMDB:nm1732981,马丁·麦克多纳,导演,1,False,0,0,
IMDB:nm0651706,马克·奥斯本,导演,1,False,0,0,
IMDB:nm0286975,马克·福斯特,导演,1,False,0,0,
IMDB:nm1989536,马克·韦布,导演,3,False,0,0,
IMDB:nm0716257,马特·里夫斯,导演,1,False,0,0,
IMDB:nm0893659,高尔·韦宾斯基,导演,3,False,0,0,
IMDB:nm0281508,鲁宾·费利沙,导演,2,False,0,0,
IMDB:nm1012501,鲁珀特·怀亚特,导演,1,False,0,0,
IMDB:nm2130108,鲍伯·培斯奇提,导演,1,False,0,0,
IMDB:nm0677037,鲍勃·彼德森,导演,1,False,0,0,
IMDB:nm0002031,麦可·寇蒂斯,导演,1,False,0,0,
IMDB:nm0000520,麦可·曼恩,导演,1,False,0,0,
